student_id,class_number,total_score,standard_score,rank,chinese,rank_of_chinese,math,rank_of_math,english,rank_of_english,science_integrated,rank_of_science,physics,rank_of_physics,chemistry,rank_of_chemistry,biology,rank_of_biology,rating
12281124,28,653,616,1,104,46,150,1,128,7,271,7,110,1,89,32,72,43,A
12280441,28,647,611,2,107,15,139,11,119,70,282,1,106,8,95,3,81,3,A
12280419,28,646,603,3,101,101,138,15,126,13,281,2,108,4,93,7,80,4,A
12280818,28,645,609,4,107,15,148,2,126,13,264,11,102,17,76,312,86,1,A
12280243,28,644,603,5,105,35,141,8,126,13,272,6,106,8,86,76,80,4,A
12280540,28,643,606,6,99,157,147,3,123,32,274,5,110,1,91,19,73,30,A
12280221,28,636,592,7,103,62,131,60,123,32,279,3,101,18,95,3,83,2,A
12280144,28,630,591,8,109,7,135,26,123,32,263,12,108,4,87,63,68,92,A
12280738,28,628,592,9,107,15,136,22,116,102,269,9,110,1,91,19,68,92,A
12280518,28,627,591,10,98,199,137,17,114,133,278,4,108,4,93,7,77,8,A
12281102,28,620,579,11,105,35,131,60,133,2,251,29,92,50,86,76,73,30,A
12080205,8,615,581,12,98,199,136,22,130,4,251,29,88,77,88,44,75,18,A
12100207,10,613,574,13,114,1,129,78,128,7,242,53,92,50,88,44,62,222,A
12100328,10,611,589,14,101,101,146,4,117,90,247,39,90,64,86,76,71,54,A
12060105,6,611,579,14,104,46,130,68,122,39,255,20,98,25,86,76,71,54,A
12260120,26,611,583,14,102,83,135,26,108,234,266,10,104,11,86,76,76,12,A
12280840,28,609,575,17,99,157,128,85,112,164,270,8,108,4,92,14,70,66,A
12280320,28,609,576,17,99,157,131,60,127,10,252,26,98,25,89,32,65,151,A
12170112,17,609,580,17,97,238,135,26,121,47,256,18,104,11,83,131,69,80,A
12100130,10,605,571,20,104,46,125,128,126,13,250,33,86,112,90,28,74,23,A
12280920,28,605,564,20,98,199,120,193,135,1,252,26,87,101,88,44,77,8,A
12280942,28,602,574,22,101,101,131,60,123,32,247,39,99,20,86,76,62,222,A
12281204,28,601,572,23,101,101,132,50,131,3,237,71,82,160,91,19,64,173,A
12100108,10,601,580,23,99,157,139,11,120,58,243,50,98,25,77,277,68,92,A
12060226,6,599,572,25,107,15,128,85,108,234,256,18,98,25,85,92,73,30,A
12060127,6,597,574,26,91,549,141,8,108,234,257,17,88,77,94,5,75,18,A
12200115,20,595,568,27,100,131,126,112,118,77,251,29,84,133,91,19,76,12,A
12280342,28,594,567,28,99,157,121,181,114,133,260,13,99,20,88,44,73,30,A
12280122,28,593,563,29,98,199,119,209,123,32,253,23,99,20,97,1,57,370,A
12150110,15,593,568,29,101,101,129,78,128,7,235,76,88,77,79,230,68,92,A
12180135,18,592,568,31,97,238,132,50,120,58,243,50,88,77,85,92,70,66,A
12100906,10,592,573,31,114,1,137,17,113,150,228,118,78,235,86,76,64,173,A
12080326,8,592,570,31,106,24,130,68,108,234,248,36,97,32,96,2,55,443,A
12250416,25,592,573,31,98,199,136,22,99,468,259,14,104,11,83,131,72,43,A
12220116,22,592,573,31,97,238,137,17,107,260,251,29,94,37,87,63,70,66,A
12080502,8,591,574,36,94,366,140,10,115,115,242,53,97,32,81,183,64,173,A
12080304,8,590,570,37,103,62,133,44,105,312,249,34,88,77,89,32,72,43,A
12090803,9,590,562,37,112,3,119,209,122,39,237,71,84,133,83,131,70,66,A
12230216,23,590,559,37,92,481,128,85,125,22,245,45,81,186,92,14,72,43,A
12090701,9,589,572,40,102,83,135,26,122,39,230,104,82,160,82,151,66,131,A
12150132,15,587,567,41,108,11,129,78,119,70,231,95,91,60,83,131,57,370,A
12280617,28,587,559,41,94,366,127,102,127,10,239,66,84,133,88,44,67,115,A
12090129,9,586,557,43,97,238,109,395,122,39,258,15,104,11,86,76,68,92,A
12260538,26,584,567,44,111,4,134,33,105,312,234,82,87,101,79,230,68,92,A
12200632,20,584,558,44,88,724,134,33,108,234,254,22,98,25,93,7,63,198,A
12090404,9,583,561,46,105,35,120,193,105,312,253,23,94,37,82,151,77,8,A
12091109,9,582,562,47,105,35,124,143,118,77,235,76,90,64,88,44,57,370,A
12100504,10,581,563,48,94,366,135,26,122,39,230,104,93,47,79,230,58,339,A
12060204,6,580,563,49,90,611,146,4,97,536,247,39,94,37,85,92,68,92,A
12140131,14,580,562,49,96,282,131,60,109,207,244,48,89,74,79,230,76,12,A
12280716,28,580,560,49,103,62,125,128,122,39,230,104,82,160,78,256,70,66,A
12080425,8,579,565,52,99,157,133,44,112,164,235,76,76,278,89,32,70,66,A
12080623,8,578,558,53,104,46,116,263,110,187,248,36,92,50,83,131,73,30,A
12080106,8,578,561,53,97,238,132,50,108,234,241,59,82,160,85,92,74,23,A
12090206,9,578,551,53,99,157,110,379,129,6,240,63,94,37,74,362,72,43,A
12040202,4,578,558,53,108,11,122,165,125,22,223,153,85,125,80,208,58,339,A
12170134,17,578,560,53,94,366,132,50,120,58,232,91,88,77,85,92,59,309,A
12060545,6,577,557,58,100,131,120,193,116,102,241,59,87,101,92,14,62,222,A
12260318,26,577,564,58,97,238,134,33,113,150,233,86,88,77,80,208,65,151,A
12280639,28,576,540,60,83,983,127,102,126,13,240,63,87,101,88,44,65,151,A
12100306,10,576,552,60,94,366,122,165,126,13,234,82,86,112,94,5,54,476,A
12030102,3,575,556,62,92,481,132,50,110,187,241,59,84,133,90,28,67,115,A
12060325,6,574,547,63,88,724,126,112,114,133,246,42,89,74,89,32,68,92,A
12090107,9,574,557,63,93,433,134,33,101,417,246,42,104,11,87,63,55,443,A
12080128,8,574,553,63,91,549,130,68,115,115,238,68,91,60,76,312,71,54,A
12170233,17,574,555,63,92,481,134,33,99,468,249,34,88,77,85,92,76,12,A
12040821,4,570,546,67,94,366,115,274,130,4,231,95,90,64,75,340,66,131,A
12091007,9,569,546,68,94,366,113,314,120,58,242,53,84,133,81,183,77,8,A
12090905,9,569,548,68,97,238,111,360,125,22,236,73,82,160,84,111,70,66,A
12180234,18,569,561,68,102,83,133,44,119,70,215,218,73,344,82,151,60,280,A
12090525,9,568,554,71,96,282,128,85,115,115,229,112,86,112,77,277,66,131,A
12081531,8,568,557,71,102,83,128,85,110,187,228,118,84,133,80,208,64,173,A
12080227,8,567,543,73,92,481,112,341,121,47,242,53,80,193,89,32,73,30,A
12090602,9,567,558,73,102,83,130,68,120,58,215,218,88,77,64,627,63,198,A
12050324,5,567,553,73,111,4,123,157,112,164,221,169,76,278,78,256,67,115,A
12030124,3,567,550,73,96,282,131,60,87,796,253,23,98,25,90,28,65,151,A
12200214,20,567,546,73,98,199,105,482,120,58,244,48,94,37,77,277,73,30,A
12220314,22,566,554,78,94,366,134,33,122,39,216,211,74,320,76,312,66,131,A
12050104,5,566,561,78,104,46,135,26,105,312,222,158,77,265,82,151,63,198,A
12090927,9,566,553,78,99,157,125,128,113,150,229,112,82,160,86,76,61,252,A
12080601,8,566,553,78,103,62,121,181,116,102,226,137,84,133,82,151,60,280,A
12090503,9,565,556,82,100,131,129,78,111,176,225,142,76,278,83,131,66,131,A
12090228,9,565,548,82,98,199,112,341,121,47,234,82,94,37,72,416,68,92,A
12160507,16,565,546,82,92,481,122,165,113,150,238,68,88,77,80,208,70,66,A
12080403,8,564,546,85,93,433,125,128,101,417,245,45,88,77,91,19,66,131,A
12081028,8,564,547,85,91,549,128,85,114,133,231,95,81,186,78,256,72,43,A
12100603,10,563,543,87,88,724,128,85,118,77,229,112,83,156,75,340,71,54,A
12270121,27,563,533,87,83,983,120,193,102,394,258,15,96,34,86,76,76,12,A
12090426,9,562,546,89,94,366,120,193,118,77,230,104,80,193,76,312,74,23,A
12100826,10,561,547,90,90,611,132,50,107,260,232,91,86,112,74,362,72,43,A
12100804,10,561,534,90,83,983,126,112,109,207,243,50,88,77,88,44,67,115,A
12160111,16,561,540,90,86,855,128,85,114,133,233,86,80,193,82,151,71,54,A
12100405,10,560,562,93,96,282,142,6,106,289,216,211,80,193,84,111,52,557,A
12250141,25,560,532,93,83,983,128,85,94,614,255,20,88,77,93,7,74,23,A
12100526,10,559,544,95,93,433,123,157,101,417,242,53,105,10,82,151,55,443,A
12081006,8,559,546,95,92,481,129,78,103,370,235,76,98,25,82,151,55,443,A
12091411,9,558,547,97,94,366,128,85,121,47,215,218,88,77,77,277,50,637,A
12050423,5,558,548,97,96,282,127,102,104,343,231,95,88,77,76,312,67,115,A
12200533,20,558,541,97,106,24,99,614,125,22,228,118,88,77,82,151,58,339,A
12030344,3,557,546,100,98,199,119,209,107,260,233,86,91,60,71,440,71,54,A
12091232,9,557,532,100,84,942,124,143,104,343,245,45,96,34,88,44,61,252,A
12101212,10,557,541,100,99,157,101,570,117,90,240,63,81,186,88,44,71,54,A
12101612,10,557,546,100,102,83,114,287,106,289,235,76,92,50,74,362,69,80,A
12150231,15,557,545,100,93,433,125,128,110,187,229,112,80,193,87,63,62,222,A
12091611,9,556,542,105,100,131,106,459,123,32,227,129,88,77,70,473,69,80,A
12040103,4,556,544,105,94,366,123,157,103,370,236,73,96,34,88,44,52,557,A
12060622,6,555,546,107,91,549,134,33,115,115,215,218,77,265,80,208,58,339,A
12160210,16,555,529,107,76,1157,134,33,104,343,241,59,100,19,78,256,63,198,A
12200412,20,555,547,107,99,157,126,112,100,442,230,104,80,193,81,183,69,80,A
12180333,18,554,542,110,90,611,131,60,107,260,226,137,78,235,79,230,69,80,A
12091811,9,554,545,110,104,46,116,263,124,28,210,259,76,278,70,473,64,173,A
12091131,9,554,544,110,95,326,125,128,106,289,228,118,78,235,85,92,65,151,A
12090327,9,553,545,113,99,157,120,193,120,58,214,230,76,278,84,111,54,476,A
12090624,9,553,542,113,98,199,109,395,113,150,233,86,92,50,72,416,69,80,A
12100427,10,553,528,113,84,942,114,287,116,102,239,66,94,37,81,183,64,173,A
12081210,8,553,535,113,92,481,106,459,107,260,248,36,86,112,84,111,78,7,A
12080524,8,553,554,113,96,282,137,17,124,28,196,410,66,490,77,277,53,515,A
12190213,19,553,544,113,88,724,138,15,96,563,231,95,82,160,85,92,64,173,A
12150528,15,553,539,113,97,238,103,525,118,77,235,76,99,20,89,32,47,739,A
12250339,25,553,545,113,104,46,125,128,96,563,228,118,70,406,85,92,73,30,A
12260417,26,551,549,121,98,199,130,68,118,77,205,306,64,540,81,183,60,280,A
12190235,19,551,546,121,107,15,120,193,112,164,212,244,76,278,85,92,51,592,A
12150828,15,551,545,121,92,481,134,33,105,312,220,174,82,160,76,312,62,222,A
12050302,5,551,543,121,104,46,113,314,114,133,220,174,76,278,82,151,62,222,A
12040125,4,551,541,121,94,366,120,193,105,312,232,91,92,50,75,340,65,151,A
12031227,3,551,545,121,103,62,119,209,105,312,224,149,82,160,86,76,56,409,A
12160232,16,550,543,127,100,131,117,245,115,115,218,195,78,235,82,151,58,339,A
12250317,25,550,541,127,94,366,124,143,107,260,225,142,84,133,77,277,64,173,A
12081431,8,549,542,129,93,433,128,85,105,312,223,153,84,133,78,256,61,252,A
12081810,8,549,540,129,95,326,123,157,97,536,234,82,80,193,82,151,72,43,A
12081631,8,548,548,131,99,157,133,44,101,417,215,218,68,450,84,111,63,198,A
12080722,8,548,540,131,105,35,108,411,104,343,231,95,77,265,88,44,66,131,A
12040224,4,548,545,131,98,199,127,102,108,234,215,218,94,37,56,828,65,151,A
12030520,3,548,540,131,103,62,114,287,98,502,233,86,70,406,89,32,74,23,A
12160529,16,548,519,131,79,1100,113,314,118,77,238,68,88,77,84,111,66,131,A
12180113,18,548,542,131,98,199,126,112,99,468,225,142,80,193,85,92,60,280,A
12200313,20,548,535,131,96,282,107,430,126,13,219,186,74,320,79,230,66,131,A
12240316,24,547,540,138,93,433,130,68,97,536,227,129,80,193,83,131,64,173,A
12150308,15,547,538,138,92,481,122,165,110,187,223,153,93,47,73,387,57,370,A
12050126,5,547,543,138,93,433,130,68,109,207,215,218,93,47,74,362,48,709,A
12081331,8,547,541,138,101,101,121,181,97,536,228,118,87,101,74,362,67,115,A
12140109,14,546,547,142,97,238,132,50,109,207,208,277,73,344,65,600,70,66,A
12180311,18,546,533,142,87,793,132,50,99,468,228,118,78,235,84,111,66,131,A
12200137,20,546,536,142,88,724,130,68,110,187,218,195,88,77,71,440,59,309,A
12081231,8,545,520,145,80,1086,119,209,126,13,220,174,75,304,88,44,57,370,A
12040323,4,545,535,145,94,366,112,341,120,58,219,186,74,320,77,277,68,92,A
12061509,6,544,537,147,103,62,104,501,121,47,216,211,73,344,78,256,65,151,A
12080926,8,544,538,147,95,326,122,165,102,394,225,142,87,101,82,151,56,409,A
12101110,10,544,542,147,105,35,119,209,126,13,194,426,66,490,79,230,49,676,A
12250636,25,544,528,147,81,1061,135,26,99,468,229,112,58,680,92,14,79,6,A
12240635,24,543,539,151,102,83,112,341,114,133,215,218,78,235,83,131,54,476,A
12060402,6,543,541,151,96,282,126,112,112,164,209,268,67,479,81,183,61,252,A
12060424,6,543,536,151,96,282,113,314,111,176,223,153,90,64,84,111,49,676,A
12100625,10,542,550,154,94,366,139,11,115,115,194,426,64,540,71,440,59,309,A
12101132,10,541,534,155,95,326,112,341,114,133,220,174,83,156,71,440,66,131,A
12101333,10,541,542,155,109,7,120,193,114,133,198,381,72,360,66,576,60,280,A
12082410,8,541,538,155,93,433,131,60,98,502,219,186,76,278,78,256,65,151,A
12160331,16,541,532,155,91,549,121,181,105,312,224,149,80,193,85,92,59,309,A
12240338,24,541,538,155,103,62,124,143,92,674,222,158,92,50,69,502,61,252,A
12050225,5,540,544,160,94,366,137,17,95,589,214,230,84,133,91,19,39,998,A
12060644,6,539,528,161,95,326,107,430,91,705,246,42,94,37,77,277,75,18,A
12091932,9,539,539,161,97,238,122,165,112,164,208,277,76,278,64,627,68,92,A
12100928,10,539,534,161,94,366,117,245,107,260,221,169,90,64,80,208,51,592,A
12100229,10,539,544,161,105,35,127,102,109,207,198,381,78,235,73,387,47,739,A
12160430,16,539,533,161,91,549,133,44,89,751,226,137,78,235,93,7,55,443,A
12190433,19,539,536,161,94,366,123,157,108,234,214,230,75,304,82,151,57,370,A
12230436,23,539,538,161,102,83,113,314,117,90,207,288,78,235,68,531,61,252,A
12150330,15,538,540,168,101,101,120,193,112,164,205,306,62,586,80,208,63,198,A
12090825,9,538,534,168,98,199,110,379,125,22,205,306,69,436,71,440,65,151,A
12101030,10,537,520,170,87,793,105,482,103,370,242,53,79,226,89,32,74,23,A
12060823,6,537,536,170,101,101,111,360,117,90,208,277,77,265,77,277,54,476,A
12170332,17,537,531,170,97,238,106,459,107,260,227,129,84,133,85,92,58,339,A
12030223,3,536,536,173,97,238,125,128,100,442,214,230,72,360,77,277,65,151,A
12101312,10,536,537,173,100,131,115,274,119,70,202,343,50,871,84,111,68,92,A
12081130,8,536,540,173,109,7,120,193,110,187,197,398,64,540,75,340,58,339,A
12230117,23,536,522,173,86,855,125,128,94,614,231,95,80,193,93,7,58,339,A
12230612,23,535,530,177,93,433,109,395,111,176,222,158,85,125,83,131,54,476,A
12220534,22,535,530,177,91,549,119,209,114,133,211,252,79,226,67,553,65,151,A
12270242,27,535,528,177,86,855,134,33,96,563,219,186,82,160,87,63,50,637,A
12081310,8,535,528,177,91,549,113,314,120,58,211,252,74,320,74,362,63,198,A
12101812,10,535,538,177,96,282,127,102,114,133,198,381,64,540,77,277,57,370,A
12040923,4,535,530,177,94,366,119,209,95,589,227,129,79,226,84,111,64,173,A
12190136,19,535,528,177,92,481,124,143,91,705,228,118,75,304,86,76,67,115,A
12170310,17,534,528,184,94,366,115,274,97,536,228,118,86,112,85,92,57,370,A
12060501,6,534,526,184,90,611,112,341,109,207,223,153,79,226,88,44,56,409,A
12082310,8,534,526,184,90,611,113,314,115,115,216,211,82,160,65,600,69,80,A
12270319,27,534,532,184,94,366,124,143,99,468,217,201,80,193,91,19,46,787,A
12281022,28,534,526,184,93,433,101,570,115,115,225,142,86,112,77,277,62,222,A
12250240,25,534,529,184,97,238,113,314,93,644,231,95,81,186,87,63,63,198,A
12020123,2,534,533,184,93,433,124,143,107,260,210,259,78,235,65,600,67,115,A
12250218,25,533,522,191,85,904,126,112,102,394,220,174,82,160,75,340,63,198,A
12260219,26,533,532,191,106,24,118,227,89,751,220,174,66,490,81,183,73,30,A
12220138,22,533,516,191,83,983,111,360,107,260,232,91,104,11,71,440,57,370,A
12030542,3,533,521,191,94,366,101,570,86,822,252,26,99,20,81,183,72,43,A
12190334,19,532,523,195,89,670,120,193,92,674,231,95,90,64,88,44,53,515,A
12181217,18,532,531,195,97,238,119,209,96,563,220,174,76,278,80,208,64,173,A
12081410,8,532,534,195,100,131,114,287,109,207,209,268,94,37,50,945,65,151,A
12080802,8,532,538,195,107,15,119,209,116,102,190,464,71,389,71,440,48,709,A
12040543,4,531,526,199,91,549,115,274,108,234,217,201,82,160,82,151,53,515,A
12050203,5,531,528,199,90,611,124,143,107,260,210,259,76,278,61,696,73,30,A
12170706,17,531,532,199,96,282,125,128,97,536,213,238,84,133,67,553,62,222,A
12171114,17,531,534,199,106,24,114,287,102,394,209,268,84,133,73,387,52,557,A
12091029,9,530,530,203,92,481,124,143,105,312,209,268,74,320,79,230,56,409,A
12220512,22,530,530,203,96,282,113,314,108,234,213,238,74,320,71,440,68,92,A
12260615,26,530,534,203,102,83,122,165,95,589,211,252,82,160,73,387,56,409,A
12270341,27,529,526,206,90,611,115,274,117,90,207,288,75,304,82,151,50,637,A
12270638,27,529,522,206,88,724,123,157,94,614,224,149,76,278,75,340,73,30,A
12250119,25,529,523,206,91,549,113,314,100,442,225,142,90,64,75,340,60,280,A
12230513,23,529,528,206,98,199,114,287,96,563,221,169,80,193,81,183,60,280,A
12060303,6,529,534,206,102,83,113,314,109,207,205,306,75,304,74,362,56,409,A
12190631,19,529,526,206,98,199,110,379,94,614,227,129,84,133,83,131,60,280,A
12150209,15,529,535,206,103,62,116,263,108,234,202,343,70,406,82,151,50,637,A
12091711,9,528,516,213,87,793,104,501,107,260,230,104,88,77,78,256,64,173,A
12082010,8,528,521,213,90,611,124,143,86,822,228,118,66,490,91,19,71,54,A
12261224,26,527,509,215,77,1141,126,112,94,614,230,104,87,101,81,183,62,222,A
12201840,20,526,527,216,95,326,126,112,88,781,217,201,78,235,74,362,65,151,A
12081710,8,526,526,216,95,326,118,227,96,563,217,201,82,160,78,256,57,370,A
12040521,4,526,525,216,91,549,118,227,108,234,209,268,70,406,74,362,65,151,A
12030421,3,525,532,219,98,199,125,128,102,394,200,363,73,344,69,502,58,339,A
12030201,3,525,528,219,96,282,113,314,116,102,200,363,91,60,65,600,44,856,A
12050621,5,525,529,219,101,101,114,287,99,468,211,252,68,450,80,208,63,198,A
12080904,8,525,528,219,95,326,123,157,95,589,212,244,54,778,88,44,70,66,A
12080645,8,525,524,219,96,282,119,209,86,822,224,149,82,160,83,131,59,309,A
12260142,26,525,531,219,101,101,111,360,110,187,203,331,68,450,82,151,53,515,A
12250515,25,525,520,219,93,433,94,700,121,47,217,201,70,406,82,151,65,151,A
12241142,24,524,520,226,85,904,133,44,92,674,214,230,70,406,79,230,65,151,A
12091632,9,524,527,226,94,366,117,245,106,289,207,288,80,193,73,387,54,476,A
12050522,5,524,528,226,103,62,112,341,97,536,212,244,85,125,79,230,48,709,A
12190411,19,524,518,226,89,670,119,209,90,731,226,137,70,406,86,76,70,66,A
12040620,4,523,532,230,91,549,132,50,115,115,185,527,66,490,59,754,60,280,A
12091211,9,523,534,230,103,62,119,209,120,58,181,567,76,278,63,656,42,911,A
12091511,9,523,524,230,93,433,110,379,109,207,211,252,66,490,79,230,66,131,A
12230315,23,523,518,230,89,670,106,459,122,39,206,295,82,160,62,677,62,222,A
12100724,10,522,526,234,99,157,104,501,121,47,198,381,66,490,81,183,51,592,A
12081610,8,522,518,234,90,611,103,525,115,115,214,230,81,186,76,312,57,370,A
12180630,18,522,525,234,94,366,109,395,111,176,208,277,74,320,80,208,54,476,A
12170211,17,522,520,234,89,670,112,341,116,102,205,306,80,193,81,183,44,856,A
12150407,15,522,528,234,99,157,110,379,107,260,206,295,72,360,73,387,61,252,A
12140208,14,521,511,239,84,942,109,395,106,289,222,158,77,265,84,111,61,252,A
12101433,10,521,522,239,88,724,127,102,103,370,203,331,72,360,87,63,44,856,A
12092011,9,521,522,239,90,611,115,274,110,187,206,295,64,540,77,277,65,151,A
12081931,8,521,522,239,94,366,115,274,93,644,219,186,77,265,75,340,67,115,A
12041003,4,521,521,239,95,326,110,379,94,614,222,158,69,436,89,32,64,173,A
12200913,20,521,521,239,92,481,115,274,99,468,215,218,72,360,75,340,68,92,A
12240217,24,521,537,239,105,35,126,112,116,102,174,647,72,360,69,502,33,1112,A
12240140,24,521,531,239,101,101,114,287,117,90,189,479,63,574,66,576,60,280,A
12200610,20,520,520,247,92,481,109,395,104,343,215,218,72,360,82,151,61,252,A
12190114,19,520,531,247,94,366,139,11,76,1014,211,252,86,112,77,277,48,709,A
12180809,18,519,523,249,93,433,121,181,96,563,209,268,69,436,77,277,63,198,A
12030641,3,519,517,249,95,326,104,501,90,731,230,104,90,64,83,131,57,370,A
12090305,9,519,522,249,92,481,118,227,101,417,208,277,92,50,70,473,46,787,A
12200811,20,519,526,249,99,157,126,112,85,845,209,268,69,436,81,183,59,309,A
12020343,2,519,521,249,92,481,109,395,115,115,203,331,84,133,63,656,56,409,A
12200236,20,518,523,254,96,282,107,430,109,207,206,295,56,735,84,111,66,131,A
12230535,23,518,520,254,95,326,97,646,109,207,217,201,74,320,84,111,59,309,A
12270143,27,518,516,254,86,855,130,68,89,751,213,238,87,101,73,387,53,515,A
12102133,10,518,527,254,108,11,106,459,123,32,181,567,73,344,79,230,29,1150,A
12050445,5,518,522,254,101,101,97,646,103,370,217,201,75,304,82,151,60,280,A
12190532,19,518,515,254,90,611,111,360,98,502,219,186,69,436,84,111,66,131,A
12170409,17,517,526,260,99,157,111,360,109,207,198,381,74,320,68,531,56,409,A
12101733,10,517,524,260,103,62,124,143,80,950,210,259,78,235,75,340,57,370,A
12082331,8,516,526,262,102,83,107,430,112,164,195,417,80,193,65,600,50,637,A
12241018,24,516,518,262,87,793,126,112,103,370,200,363,84,133,67,553,49,676,A
12260340,26,516,520,262,91,549,117,245,108,234,200,363,71,389,74,362,55,443,A
12220611,22,516,511,262,84,942,114,287,115,115,203,331,72,360,71,440,60,280,A
12220215,22,516,514,262,87,793,122,165,94,614,213,238,75,304,70,473,68,92,A
12020145,2,516,516,262,91,549,107,430,106,289,212,244,80,193,71,440,61,252,A
12240415,24,515,518,268,96,282,122,165,77,1003,220,174,78,235,90,28,52,557,A
12091532,9,515,518,268,96,282,106,459,96,563,217,201,92,50,62,677,63,198,A
12091332,9,515,521,268,95,326,107,430,106,289,207,288,76,278,77,277,54,476,A
12101008,10,515,531,268,88,724,142,6,96,563,189,479,73,344,69,502,47,739,A
12081731,8,515,524,268,106,24,111,360,97,536,201,353,61,603,79,230,61,252,A
12081108,8,515,515,268,92,481,97,646,121,47,205,306,71,389,60,723,74,23,A
12160909,16,515,512,268,81,1061,130,68,103,370,201,353,66,490,81,183,54,476,A
12160309,16,514,501,275,81,1061,108,411,98,502,227,129,84,133,75,340,68,92,A
12180410,18,514,518,275,106,24,106,459,86,822,216,211,72,360,79,230,65,151,A
12031206,3,514,518,275,98,199,119,209,75,1027,222,158,73,344,79,230,70,66,A
12270941,27,514,526,275,93,433,126,112,108,234,187,507,74,320,65,600,48,709,A
12200335,20,514,513,275,90,611,117,245,89,751,218,195,72,360,83,131,63,198,A
12200935,20,514,507,275,87,793,93,723,107,260,227,129,85,125,82,151,60,280,A
12270220,27,513,524,281,92,481,127,102,104,343,190,464,75,304,71,440,44,856,A
12051128,5,513,509,281,80,1086,126,112,105,312,202,343,83,156,69,502,50,637,A
12080824,8,513,518,281,92,481,117,245,97,536,207,288,84,133,81,183,42,911,A
12102033,10,513,511,281,91,549,115,274,81,937,226,137,78,235,75,340,73,30,A
12101233,10,512,512,285,91,549,114,287,89,751,218,195,80,193,79,230,59,309,A
12060801,6,512,505,285,86,855,92,744,112,164,222,158,85,125,82,151,55,443,A
12150930,15,512,513,285,92,481,115,274,84,869,221,169,92,50,67,553,62,222,A
12140505,14,512,522,285,102,83,106,459,102,394,202,343,72,360,76,312,54,476,A
12201640,20,512,525,285,109,7,107,430,124,28,172,668,49,896,66,576,57,370,A
12230711,23,512,528,285,104,46,113,314,115,115,180,583,51,855,72,416,57,370,A
12230139,23,511,501,291,77,1141,118,227,103,370,213,238,90,64,71,440,52,557,A
12220336,22,511,502,291,82,1035,107,430,102,394,220,174,82,160,70,473,68,92,A
12201015,20,511,516,291,94,366,101,570,119,70,197,398,60,622,86,76,51,592,A
12261424,26,511,521,291,95,326,114,287,103,370,199,375,72,360,85,92,42,911,A
12101712,10,511,518,291,90,611,123,157,100,442,198,381,64,540,80,208,54,476,A
12082231,8,511,502,291,78,1129,128,85,90,731,215,218,78,235,87,63,50,637,A
12061027,6,510,510,297,89,670,118,227,89,751,214,230,80,193,68,531,66,131,A
12051026,5,510,520,297,99,157,105,482,101,417,205,306,70,406,74,362,61,252,A
12180608,18,510,515,297,91,549,118,227,97,536,204,321,77,265,79,230,48,709,A
12240118,24,510,512,297,87,793,122,165,99,468,202,343,68,450,83,131,51,592,A
12230238,23,509,518,301,101,101,104,501,98,502,206,295,61,603,88,44,57,370,A
12261824,26,509,513,301,88,724,117,245,106,289,198,381,69,436,69,502,60,280,A
12081831,8,509,526,301,96,282,122,165,115,115,176,626,63,574,70,473,43,889,A
12101633,10,508,525,304,100,131,113,314,115,115,180,583,56,735,80,208,44,856,A
12150627,15,508,520,304,97,238,111,360,101,417,199,375,68,450,80,208,51,592,A
12150704,15,507,506,306,91,549,100,596,91,705,225,142,77,265,77,277,71,54,A
12160727,16,507,506,306,84,942,125,128,93,644,205,306,76,278,65,600,64,173,A
12171034,17,507,512,306,87,793,128,85,92,674,200,363,72,360,73,387,55,443,A
12082131,8,507,519,306,92,481,116,263,111,176,188,492,71,389,59,754,58,339,A
12050924,5,507,508,306,87,793,125,128,87,796,208,277,86,112,70,473,52,557,A
12061330,6,507,525,306,96,282,124,143,106,289,181,567,56,735,72,416,53,515,A
12060721,6,507,518,306,89,670,127,102,100,442,191,456,54,778,75,340,62,222,A
12050544,5,507,506,306,84,942,121,181,97,536,205,306,80,193,74,362,51,592,A
12030245,3,507,520,306,94,366,113,314,111,176,189,479,85,125,65,600,39,998,A
12030443,3,506,522,315,103,62,121,181,90,731,192,445,78,235,68,531,46,787,B
12092111,9,506,520,315,100,131,103,525,118,77,185,527,82,160,52,913,51,592,B
12102212,10,506,514,315,94,366,103,525,104,343,205,306,63,574,84,111,58,339,B
12100702,10,506,511,315,90,611,119,209,92,674,205,306,60,622,86,76,59,309,B
12170607,17,506,510,315,87,793,121,181,97,536,201,353,78,235,74,362,49,676,B
12160408,16,506,502,315,79,1100,134,33,77,1003,216,211,80,193,78,256,58,339,B
12181013,18,506,522,315,104,46,116,263,97,536,189,479,57,714,72,416,60,280,B
12181717,18,506,516,315,92,481,116,263,100,442,198,381,72,360,72,416,54,476,B
12201340,20,506,502,315,87,793,116,263,75,1027,228,118,74,320,82,151,72,43,B
12221741,22,505,514,324,104,46,91,767,96,563,214,230,66,490,84,111,64,173,B
12240734,24,505,511,324,91,549,115,274,92,674,207,288,80,193,82,151,45,819,B
12240916,24,505,508,324,90,611,120,193,82,911,213,238,67,479,71,440,75,18,B
12250537,25,505,505,324,93,433,94,700,82,911,236,73,87,101,91,19,58,339,B
12041407,4,505,511,324,94,366,121,181,68,1103,222,158,87,101,79,230,56,409,B
12062230,6,504,510,329,94,366,89,812,121,47,200,363,67,479,68,531,65,151,B
12140230,14,504,509,329,88,724,114,287,101,417,201,353,65,521,77,277,59,309,B
12151134,15,504,516,329,96,282,120,193,88,781,200,363,88,77,58,779,54,476,B
12170629,17,504,520,329,98,199,109,395,108,234,189,479,73,344,62,677,54,476,B
12230337,23,503,513,333,89,670,118,227,108,234,188,492,61,603,76,312,51,592,B
12250837,25,503,510,333,91,549,102,548,115,115,195,417,56,735,71,440,68,92,B
12240814,24,503,517,333,87,793,136,22,91,705,189,479,58,680,73,387,58,339,B
12151535,15,503,504,333,84,942,120,193,95,589,204,321,68,450,82,151,54,476,B
12181115,18,503,508,333,87,793,126,112,88,781,202,343,83,156,67,553,52,557,B
12180531,18,503,498,333,84,942,117,245,82,911,220,174,84,133,78,256,58,339,B
12040345,4,503,513,333,92,481,108,411,107,260,196,410,74,320,76,312,46,787,B
12040444,4,503,500,333,83,983,108,411,102,394,210,259,65,521,78,256,67,115,B
12091432,9,502,519,341,100,131,111,360,100,442,191,456,68,450,67,553,56,409,B
12081510,8,502,512,341,93,433,103,525,109,207,197,398,73,344,71,440,53,515,B
12141031,14,502,512,341,99,157,102,548,93,644,208,277,64,540,82,151,62,222,B
12171136,17,502,503,341,86,855,121,181,86,822,209,268,82,160,71,440,56,409,B
12151032,15,501,513,345,92,481,125,128,89,751,195,417,78,235,76,312,41,940,B
12102112,10,501,514,345,95,326,122,165,86,822,198,381,60,622,76,312,62,222,B
12021125,2,501,500,345,87,793,88,827,114,133,212,244,82,160,74,362,56,409,B
12041428,4,501,507,345,94,366,90,785,100,442,217,201,68,450,84,111,65,151,B
12201740,20,501,516,345,99,157,98,631,114,133,190,464,65,521,72,416,53,515,B
12240712,24,500,526,350,101,101,122,165,110,187,167,715,64,540,63,656,40,969,B
12260637,26,500,502,350,85,904,113,314,98,502,204,321,84,133,60,723,60,280,B
12260736,26,500,516,350,97,238,102,548,117,90,184,537,57,714,66,576,61,252,B
12270539,27,500,514,350,99,157,94,700,109,207,198,381,57,714,72,416,69,80,B
12050742,5,500,523,350,100,131,122,165,102,394,176,626,53,814,72,416,51,592,B
12040422,4,500,510,350,102,83,103,525,83,893,212,244,60,622,81,183,71,54,B
12081910,8,500,518,350,100,131,113,314,99,468,188,492,62,586,77,277,49,676,B
12141133,14,500,502,350,90,611,80,961,109,207,221,169,70,406,88,44,63,198,B
12140428,14,499,508,358,90,611,112,341,98,502,199,375,57,714,80,208,62,222,B
12020420,2,499,508,358,89,670,114,287,99,468,197,398,77,265,74,362,46,787,B
12270517,27,498,510,360,88,724,117,245,111,176,182,556,68,450,69,502,45,819,B
12261803,26,498,516,360,105,35,103,525,103,370,187,507,60,622,61,696,66,131,B
12250438,25,498,516,360,96,282,107,430,111,176,184,537,75,304,64,627,45,819,B
12231119,23,498,510,360,95,326,98,631,100,442,205,306,73,344,64,627,68,92,B
12220710,22,498,500,360,87,793,100,596,101,417,210,259,84,133,69,502,57,370,B
12091311,9,498,506,360,93,433,92,744,102,394,211,252,68,450,67,553,76,12,B
12050822,5,498,509,360,93,433,93,723,118,77,194,426,62,586,65,600,67,115,B
12170431,17,498,502,360,87,793,102,548,105,312,204,321,82,160,64,627,58,339,B
12160606,16,497,508,368,84,942,128,85,104,343,181,567,62,586,66,576,53,515,B
12050401,5,497,512,368,95,326,108,411,100,442,194,426,64,540,78,256,52,557,B
12101512,10,497,512,368,96,282,104,501,103,370,194,426,45,961,82,151,67,115,B
12231242,23,497,505,368,91,549,95,684,105,312,206,295,58,680,85,92,63,198,B
12270919,27,497,498,368,80,1086,119,209,101,417,197,398,65,521,92,14,40,969,B
12092132,9,496,510,373,102,83,101,570,92,674,201,353,81,186,73,387,47,739,B
12050643,5,496,509,373,98,199,103,525,92,674,203,331,78,235,69,502,56,409,B
12031727,3,496,513,373,99,157,94,700,115,115,188,492,52,829,81,183,55,443,B
12171616,17,496,510,373,101,101,108,411,83,893,204,321,88,77,65,600,51,592,B
12180212,18,495,496,377,86,855,104,501,93,644,212,244,82,160,84,111,46,787,B
12180911,18,495,502,377,86,855,108,411,108,234,193,437,64,540,76,312,53,515,B
12151214,15,495,499,377,79,1100,129,78,94,614,193,437,72,360,59,754,62,222,B
12162315,16,495,502,377,96,282,94,700,83,893,222,158,79,226,79,230,64,173,B
12150605,15,495,499,377,88,724,122,165,63,1136,222,158,81,186,87,63,54,476,B
12060903,6,495,510,377,94,366,98,631,113,150,190,464,70,406,74,362,46,787,B
12271725,27,495,506,377,93,433,95,684,101,417,206,295,66,490,67,553,73,30,B
12260516,26,495,517,377,97,238,117,245,104,343,177,616,68,450,49,963,60,280,B
12220633,22,494,512,385,90,611,118,227,109,207,177,616,53,814,64,627,60,280,B
12251121,25,494,507,385,99,157,106,459,83,893,206,295,85,125,75,340,46,787,B
12260439,26,494,514,385,95,326,114,287,103,370,182,556,70,406,66,576,46,787,B
12240514,24,494,515,385,98,199,105,482,113,150,178,602,68,450,66,576,44,856,B
12092032,9,494,505,385,90,611,100,596,110,187,194,426,75,304,49,963,70,66,B
12061309,6,494,489,385,81,1061,106,459,90,731,217,201,80,193,80,208,57,370,B
12041328,4,494,517,385,103,62,102,548,118,77,171,679,69,436,58,779,44,856,B
12021205,2,494,491,385,79,1100,107,430,100,442,208,277,87,101,76,312,45,819,B
12170728,17,493,506,393,98,199,69,1080,110,187,216,211,82,160,83,131,51,592,B
12151414,15,493,502,393,89,670,101,570,105,312,198,381,72,360,67,553,59,309,B
12180432,18,493,511,393,92,481,114,287,106,289,181,567,61,603,70,473,50,637,B
12021326,2,493,498,393,91,549,98,631,86,822,218,195,86,112,78,256,54,476,B
12102433,10,493,511,393,102,83,97,646,99,468,195,417,47,928,80,208,68,92,B
12101833,10,493,510,393,95,326,96,668,110,187,192,445,74,320,73,387,45,819,B
12020321,2,493,511,393,96,282,99,614,109,207,189,479,68,450,63,656,58,339,B
12020101,2,493,488,393,81,1061,108,411,84,869,220,174,89,74,77,277,54,476,B
12200731,20,492,503,401,91,549,107,430,94,614,200,363,56,735,87,63,57,370,B
12101533,10,492,516,401,102,83,103,525,110,187,177,616,52,829,73,387,52,557,B
12102512,10,492,506,401,88,724,111,360,118,77,175,638,55,759,64,627,56,409,B
12020921,2,492,494,401,83,983,99,614,109,207,201,353,66,490,75,340,60,280,B
12040642,4,492,502,401,91,549,100,596,99,468,202,343,72,360,61,696,69,80,B
12041307,4,492,502,401,87,793,107,430,107,260,191,456,54,778,76,312,61,252,B
12042207,4,492,511,401,95,326,110,379,102,394,185,527,66,490,64,627,55,443,B
12150506,15,491,502,408,86,855,124,143,93,644,188,492,62,586,63,656,63,198,B
12171516,17,491,508,408,94,366,99,614,107,260,191,456,72,360,81,183,38,1024,B
12161011,16,491,498,408,84,942,107,430,107,260,193,437,59,652,79,230,55,443,B
12170508,17,491,496,408,87,793,115,274,81,937,208,277,76,278,75,340,57,370,B
12170530,17,491,506,408,95,326,96,668,100,442,200,363,79,226,70,473,51,592,B
12040741,4,491,504,408,92,481,92,744,109,207,198,381,67,479,76,312,55,443,B
12231039,23,491,503,408,87,793,108,411,110,187,186,514,52,829,87,63,47,739,B
12232021,23,491,500,408,85,904,132,50,72,1067,202,343,66,490,75,340,61,252,B
12270440,27,491,506,408,98,199,100,596,91,705,202,343,60,622,85,92,57,370,B
12271101,27,490,490,417,80,1086,116,263,89,751,205,306,78,235,74,362,53,515,B
12082210,8,490,508,417,92,481,124,143,87,796,187,507,66,490,76,312,45,819,B
12020739,2,490,505,417,96,282,96,668,97,536,201,353,77,265,60,723,64,173,B
12140527,14,489,507,420,99,157,92,744,101,417,197,398,84,133,61,696,52,557,B
12151010,15,489,498,420,86,855,102,548,117,90,184,537,62,586,77,277,45,819,B
12020618,2,489,510,420,98,199,93,723,121,47,177,616,67,479,54,875,56,409,B
12031306,3,489,515,420,101,101,104,501,117,90,167,715,46,941,75,340,46,787,B
12082431,8,489,505,420,93,433,107,430,95,589,194,426,70,406,83,131,41,940,B
12231421,23,489,496,420,90,611,109,395,71,1074,219,186,88,77,74,362,57,370,B
12230915,23,489,512,420,106,24,101,570,104,343,178,602,48,912,70,473,60,280,B
12201219,20,488,510,427,92,481,121,181,99,468,176,626,65,521,70,473,41,940,B
12260918,26,488,494,427,83,983,105,482,112,164,188,492,71,389,60,723,57,370,B
12030718,3,488,495,427,85,904,111,360,94,614,198,381,69,436,79,230,50,637,B
12030820,3,488,516,427,95,326,125,128,101,417,167,715,58,680,56,828,53,515,B
12051329,5,488,522,427,103,62,119,209,117,90,149,900,68,450,38,1095,43,889,B
12160133,16,488,494,427,85,904,102,548,103,370,198,381,50,871,77,277,71,54,B
12171012,17,487,513,433,98,199,107,430,110,187,172,668,70,406,70,473,32,1119,B
12060925,6,487,510,433,96,282,103,525,120,58,168,705,70,406,53,894,45,819,B
12030740,3,487,506,433,90,611,118,227,99,468,180,583,64,540,58,779,58,339,B
12031104,3,487,511,433,102,83,94,700,124,28,167,715,57,714,61,696,49,676,B
12101912,10,487,509,433,99,157,99,614,103,370,186,514,56,735,73,387,57,370,B
12241622,24,487,498,433,91,549,113,314,80,950,203,331,70,406,75,340,58,339,B
12231017,23,487,508,433,94,366,118,227,93,644,182,556,71,389,62,677,49,676,B
12221038,22,487,488,433,79,1100,106,459,101,417,201,353,54,778,82,151,65,151,B
12020222,2,487,490,433,85,904,107,430,85,845,210,259,85,125,77,277,48,709,B
12201419,20,486,507,442,99,157,109,395,88,781,190,464,64,540,72,416,54,476,B
12170932,17,486,508,442,97,238,110,379,96,563,183,546,59,652,75,340,49,676,B
12161536,16,486,503,442,94,366,87,845,113,150,192,445,54,778,76,312,62,222,B
12191014,19,486,488,442,82,1035,118,227,80,950,206,295,80,193,81,183,45,819,B
12151335,15,485,503,446,93,433,96,668,104,343,192,445,68,450,60,723,64,173,B
12061630,6,485,492,446,87,793,101,570,94,614,203,331,55,759,76,312,72,43,B
12052429,5,485,493,446,86,855,89,812,115,115,195,417,68,450,70,473,57,370,B
12220237,22,485,502,446,90,611,112,341,97,536,186,514,68,450,71,440,47,739,B
12230733,23,485,497,446,89,670,93,723,104,343,199,375,71,389,73,387,55,443,B
12231342,23,485,506,446,94,366,117,245,89,751,185,527,80,193,54,875,51,592,B
12251402,25,485,493,446,82,1035,116,263,98,502,189,479,78,235,64,627,47,739,B
12261503,26,485,496,446,85,904,114,287,99,468,187,507,64,540,66,576,57,370,B
12270418,27,484,488,454,83,983,117,245,80,950,204,321,78,235,80,208,46,787,B
12201319,20,484,506,454,110,6,120,193,66,1116,188,492,59,652,68,531,61,252,B
12060523,6,484,508,454,100,131,92,744,114,133,178,602,64,540,66,576,48,709,B
12051004,5,484,494,454,88,724,106,459,90,731,200,363,80,193,68,531,52,557,B
12022026,2,484,490,454,84,942,113,314,85,845,202,343,90,64,62,677,50,637,B
12140329,14,484,503,454,94,366,102,548,99,468,189,479,71,389,73,387,45,819,B
12190730,19,484,511,454,94,366,111,360,116,102,163,755,54,778,62,677,47,739,B
12140626,14,483,494,461,88,724,94,700,104,343,197,398,63,574,81,183,53,515,B
12031406,3,483,484,461,84,942,90,785,91,705,218,195,77,265,80,208,61,252,B
12200511,20,483,509,461,98,199,114,287,93,644,178,602,60,622,69,502,49,676,B
12220732,22,483,503,461,93,433,98,631,106,289,186,514,60,622,70,473,56,409,B
12261202,26,482,502,465,86,855,122,165,105,312,169,695,65,521,59,754,45,819,B
12251041,25,482,494,465,88,724,103,525,94,614,197,398,73,344,73,387,51,592,B
12021426,2,482,506,465,100,131,94,700,103,370,185,527,54,778,73,387,58,339,B
12020640,2,482,498,465,90,611,100,596,102,394,190,464,55,759,71,440,64,173,B
12180729,18,482,487,465,86,855,111,360,73,1057,212,244,80,193,76,312,56,409,B
12161215,16,482,504,465,90,611,116,263,101,417,175,638,44,973,81,183,50,637,B
12150806,15,481,507,471,97,238,105,482,102,394,177,616,59,652,73,387,45,819,B
12020841,2,481,491,471,86,855,93,723,105,312,197,398,68,450,69,502,60,280,B
12021505,2,481,500,471,92,481,103,525,98,502,188,492,61,603,82,151,45,819,B
12040301,4,481,500,471,94,366,90,785,105,312,192,445,60,622,69,502,63,198,B
12250614,25,481,491,471,82,1035,110,379,103,370,186,514,66,490,61,696,59,309,B
12221420,22,481,509,471,94,366,116,263,101,417,170,687,62,586,49,963,59,309,B
12230634,23,481,504,471,91,549,117,245,99,468,174,647,72,360,61,696,41,940,B
12220812,22,480,490,478,83,983,102,548,114,133,181,567,60,622,71,440,50,637,B
12201037,20,480,508,478,99,157,94,700,118,77,169,695,54,778,56,828,59,309,B
12261703,26,480,497,478,85,904,118,227,101,417,176,626,64,540,61,696,51,592,B
12262124,26,480,508,478,107,15,91,767,109,207,173,659,56,735,56,828,61,252,B
12031024,3,480,506,478,98,199,109,395,94,614,179,593,66,490,72,416,41,940,B
12140827,14,480,494,478,87,793,117,245,85,845,191,456,60,622,81,183,50,637,B
12140907,14,480,496,478,96,282,80,961,95,589,209,268,76,278,81,183,52,557,B
12161336,16,480,492,478,88,724,113,314,80,950,199,375,68,450,67,553,64,173,B
12151314,15,480,484,478,86,855,82,935,93,644,219,186,78,235,77,277,64,173,B
12141234,14,479,493,487,90,611,103,525,89,751,197,398,68,450,78,256,51,592,B
12141313,14,479,490,487,83,983,128,85,78,990,190,464,67,479,69,502,54,476,B
12031002,3,479,484,487,83,983,110,379,83,893,203,331,86,112,58,779,59,309,B
12051408,5,479,502,487,99,157,111,360,79,972,190,464,65,521,72,416,53,515,B
12061409,6,479,500,487,93,433,119,209,78,990,189,479,66,490,69,502,54,476,B
12101412,10,479,505,487,92,481,113,314,103,370,171,679,58,680,51,926,62,222,B
12250735,25,479,506,487,101,101,92,744,108,234,178,602,70,406,56,828,52,557,B
12061430,6,478,508,494,94,366,112,341,108,234,164,748,56,735,65,600,43,889,B
12051629,5,478,482,494,87,793,95,684,67,1109,229,112,78,235,89,32,62,222,B
12021103,2,478,506,494,103,62,103,525,95,589,177,616,66,490,65,600,46,787,B
12150429,15,478,504,494,97,238,96,668,106,289,179,593,56,735,61,696,62,222,B
12181137,18,478,494,494,89,670,108,411,90,731,191,456,55,759,79,230,57,370,B
12160705,16,477,481,499,78,1129,92,744,125,22,182,556,42,1002,88,44,52,557,B
12161415,16,477,487,499,89,670,106,459,62,1142,220,174,66,490,85,92,69,80,B
12150726,15,477,487,499,88,724,94,700,87,796,208,277,78,235,71,440,59,309,B
12092332,9,477,483,499,79,1100,104,501,100,442,194,426,78,235,63,656,53,515,B
12221841,22,477,487,499,85,904,94,700,99,468,199,375,74,320,67,553,58,339,B
12251502,25,476,480,504,80,1086,99,614,92,674,205,306,80,193,77,277,48,709,B
12102012,10,476,502,504,101,101,85,880,105,312,185,527,46,941,72,416,67,115,B
12061107,6,476,493,504,94,366,93,723,86,822,203,331,70,406,73,387,60,280,B
12041228,4,476,501,504,91,549,108,411,104,343,173,659,52,829,67,553,54,476,B
12161135,16,476,492,504,88,724,107,430,93,644,188,492,64,540,67,553,57,370,B
12170808,17,476,487,504,82,1035,126,112,80,950,188,492,88,77,52,913,48,709,B
12171316,17,475,494,510,97,238,83,916,92,674,203,331,86,112,77,277,40,969,B
12140604,14,475,504,510,98,199,106,459,95,589,176,626,52,829,74,362,50,637,B
12041127,4,475,490,510,87,793,92,744,104,343,192,445,69,436,64,627,59,309,B
12040719,4,475,504,510,93,433,105,482,117,90,160,790,60,622,55,853,45,819,B
12041628,4,475,486,510,81,1061,118,227,90,731,186,514,65,521,58,779,63,198,B
12240938,24,475,500,510,95,326,99,614,99,468,182,556,58,680,73,387,51,592,B
12262024,26,475,500,510,92,481,94,700,119,70,170,687,58,680,50,945,62,222,B
12270616,27,475,488,510,88,724,112,341,75,1027,200,363,60,622,85,92,55,443,B
12221720,22,475,497,510,91,549,106,459,97,536,181,567,52,829,71,440,58,339,B
12232221,23,475,488,510,86,855,102,548,95,589,192,445,58,680,67,553,67,115,B
12231542,23,474,504,520,99,157,94,700,106,289,175,638,50,871,64,627,61,252,B
12231642,23,474,498,520,94,366,106,459,91,705,183,546,70,406,60,723,53,515,B
12230414,23,474,500,520,89,670,110,379,114,133,161,777,59,652,61,696,41,940,B
12200434,20,474,503,520,97,238,106,459,97,536,174,647,66,490,60,723,48,709,B
12041707,4,474,498,520,88,724,107,430,112,164,167,715,76,278,52,913,39,998,B
12051229,5,474,496,520,99,157,111,360,58,1163,206,295,82,160,72,416,52,557,B
12141213,14,474,506,520,101,101,96,668,106,289,171,679,66,490,64,627,41,940,B
12190810,19,474,472,520,81,1061,90,785,76,1014,227,129,84,133,93,7,50,637,B
12190510,19,474,498,520,91,549,117,245,90,731,176,626,71,389,58,779,47,739,B
12161033,16,473,490,529,89,670,113,314,76,1014,195,417,65,521,74,362,56,409,B
12140929,14,473,508,529,103,62,111,360,98,502,161,777,30,1132,82,151,49,676,B
12051208,5,473,500,529,90,611,105,482,118,77,160,790,56,735,54,875,50,637,B
12052329,5,473,484,529,83,983,110,379,90,731,190,464,62,586,69,502,59,309,B
12050720,5,473,501,529,103,62,93,723,94,614,183,546,54,778,84,111,45,819,B
12200709,20,473,488,529,84,942,108,411,96,563,185,527,68,450,61,696,56,409,B
12270817,27,473,486,529,88,724,95,684,89,751,201,353,64,540,69,502,68,92,B
12260940,26,473,491,529,92,481,89,812,94,614,198,381,70,406,77,277,51,592,B
12261122,26,472,507,537,100,131,105,482,107,260,160,790,55,759,47,989,58,339,B
12260816,26,472,485,537,89,670,87,845,89,751,207,288,82,160,74,362,51,592,B
12240613,24,472,496,537,95,326,79,976,110,187,188,492,59,652,77,277,52,557,B
12250917,25,472,501,537,90,611,111,360,127,10,144,938,54,778,64,627,26,1163,B
12201117,20,472,493,537,92,481,104,501,89,751,187,507,64,540,69,502,54,476,B
12231742,23,472,507,537,102,83,97,646,112,164,161,777,37,1069,67,553,57,370,B
12041105,4,472,494,537,96,282,67,1095,105,312,204,321,76,278,66,576,62,222,B
12082031,8,472,500,537,96,282,102,548,98,502,176,626,64,540,49,963,63,198,B
12140725,14,472,494,537,92,481,81,947,116,102,183,546,48,912,74,362,61,252,B
12142113,14,472,501,537,95,326,112,341,92,674,173,659,53,814,77,277,43,889,B
12140406,14,472,488,537,84,942,99,614,106,289,183,546,63,574,71,440,49,676,B
12171937,17,472,490,537,87,793,98,631,104,343,183,546,76,278,60,723,47,739,B
12180509,18,471,492,549,93,433,84,899,98,502,196,410,72,360,61,696,63,198,B
12150908,15,471,502,549,89,670,129,78,88,781,165,736,67,479,60,723,38,1024,B
12140703,14,471,483,549,86,855,97,646,91,705,197,398,59,652,77,277,61,252,B
12092511,9,471,501,549,98,199,93,723,105,312,175,638,79,226,42,1053,54,476,B
12232121,23,471,497,549,96,282,85,880,106,289,184,537,59,652,75,340,50,637,B
12221241,22,471,486,549,86,855,117,245,80,950,188,492,55,759,78,256,55,443,B
12261324,26,471,487,549,82,1035,128,85,79,972,182,556,71,389,55,853,56,409,B
12261724,26,470,497,556,94,366,114,287,83,893,179,593,51,855,74,362,54,476,B
12031126,3,470,480,556,81,1061,113,314,84,869,192,445,75,304,71,440,46,787,B
12190609,19,470,478,556,87,793,90,785,74,1044,219,186,70,406,80,208,69,80,B
12190832,19,470,478,556,84,942,88,827,90,731,208,277,74,320,83,131,51,592,B
12191116,19,470,492,556,91,549,94,700,98,502,187,507,61,603,77,277,49,676,B
12190312,19,469,484,561,83,983,108,411,97,536,181,567,44,973,86,76,51,592,B
12042507,4,469,495,561,90,611,110,379,97,536,172,668,58,680,59,754,55,443,B
12061129,6,469,486,561,86,855,104,501,95,589,184,537,61,603,70,473,53,515,B
12201240,20,469,482,561,86,855,100,596,89,751,194,426,64,540,62,677,68,92,B
12201719,20,469,499,561,96,282,113,314,87,796,173,659,50,871,72,416,51,592,B
12260838,26,469,495,561,89,670,101,570,111,176,168,705,74,320,47,989,47,739,B
12240536,24,469,490,561,85,904,105,482,106,289,173,659,58,680,70,473,45,819,B
12242501,24,469,481,561,84,942,86,861,103,370,196,410,68,450,76,312,52,557,B
12261624,26,468,500,569,99,157,85,880,113,150,171,679,70,406,62,677,39,998,B
12271225,27,468,474,569,76,1157,112,341,84,869,196,410,61,603,87,63,48,709,B
12020244,2,468,494,569,94,366,102,548,92,674,180,583,79,226,63,656,38,1024,B
12051708,5,468,494,569,101,101,95,684,82,911,190,464,73,344,73,387,44,856,B
12041607,4,468,481,569,83,983,112,341,85,845,188,492,66,490,70,473,52,557,B
12171337,17,467,477,574,86,855,96,668,75,1027,210,259,86,112,53,894,71,54,B
12041025,4,467,486,574,89,670,109,395,79,972,190,464,73,344,64,627,53,515,B
12030322,3,467,496,574,88,724,114,287,105,312,160,790,56,735,60,723,44,856,B
12220936,22,467,479,574,86,855,87,845,90,731,204,321,80,193,71,440,53,515,B
12231721,23,467,502,574,97,238,96,668,116,102,158,818,54,778,60,723,44,856,B
12251223,25,466,484,579,88,724,104,501,82,911,192,445,62,586,71,440,59,309,B
12251302,25,466,482,579,87,793,115,274,58,1163,206,295,73,344,73,387,60,280,B
12031927,3,466,471,579,83,983,93,723,75,1027,215,218,65,521,87,63,63,198,B
12061909,6,466,492,579,95,326,93,723,92,674,186,514,71,389,66,576,49,676,B
12180707,18,466,484,579,87,793,102,548,91,705,186,514,59,652,78,256,49,676,B
12160807,16,466,490,579,88,724,109,395,95,589,174,647,70,406,60,723,44,856,B
12181035,18,465,480,585,84,942,107,430,83,893,191,456,64,540,79,230,48,709,B
12190912,19,465,496,585,103,62,87,845,97,536,178,602,69,436,67,553,42,911,B
12061809,6,465,476,585,80,1086,92,744,99,468,194,426,75,304,67,553,52,557,B
12031427,3,465,490,585,91,549,110,379,85,845,179,593,78,235,64,627,37,1040,B
12041928,4,465,489,585,95,326,99,614,78,990,193,437,80,193,58,779,55,443,B
12241040,24,465,499,585,100,131,101,570,96,563,168,705,50,871,76,312,42,911,B
12241222,24,465,500,585,93,433,114,287,99,468,159,804,58,680,51,926,50,637,B
12241301,24,465,485,585,79,1100,118,227,104,343,164,748,59,652,65,600,40,969,B
12201819,20,465,484,585,89,670,96,668,85,845,195,417,61,603,70,473,64,173,B
12220413,22,465,491,585,88,724,108,411,99,468,170,687,60,622,64,627,46,787,B
12220914,22,464,503,595,100,131,106,459,100,442,158,818,52,829,62,677,44,856,B
12231221,23,464,504,595,95,326,109,395,113,150,147,917,52,829,53,894,42,911,B
12241801,24,464,500,595,97,238,97,646,109,207,161,777,54,778,58,779,49,676,B
12261903,26,464,491,595,89,670,114,287,88,781,173,659,63,574,64,627,46,787,B
12041528,4,464,483,595,85,904,110,379,87,796,182,556,72,360,70,473,40,969,B
12041207,4,464,491,595,98,199,78,984,97,536,191,456,58,680,63,656,70,66,B
12061209,6,464,477,595,80,1086,93,723,102,394,189,479,56,735,78,256,55,443,B
12101933,10,464,489,595,96,282,89,812,86,822,193,437,58,680,76,312,59,309,B
12102233,10,464,482,595,88,724,82,935,98,502,196,410,75,304,73,387,48,709,B
12171637,17,464,484,595,88,724,104,501,87,796,185,527,74,320,68,531,43,889,B
12160931,16,464,482,595,88,724,104,501,79,972,193,437,78,235,65,600,50,637,B
12160829,16,463,469,606,78,1129,90,785,91,705,204,321,70,406,76,312,58,339,B
12191318,19,463,477,606,84,942,79,976,102,394,198,381,62,586,83,131,53,515,B
12051508,5,463,509,606,98,199,128,85,94,614,143,949,46,941,61,696,36,1061,B
12261020,26,463,500,606,104,46,99,614,96,563,164,748,65,521,55,853,44,856,B
12242022,24,463,503,606,99,157,104,501,107,260,153,860,55,759,56,828,42,911,B
12231321,23,463,474,606,75,1168,105,482,98,502,185,527,59,652,73,387,53,515,B
12220834,22,463,484,606,92,481,81,947,93,644,197,398,76,278,71,440,50,637,B
12261303,26,462,498,613,98,199,101,570,98,502,165,736,58,680,62,677,45,819,B
12180831,18,462,482,613,87,793,94,700,95,589,186,514,64,540,60,723,62,222,B
12151614,15,461,498,615,107,15,99,614,92,674,163,755,41,1013,68,531,54,476,B
12061005,6,461,482,615,86,855,114,287,82,911,179,593,52,829,73,387,54,476,B
12020541,2,461,491,615,92,481,98,631,98,502,173,659,58,680,77,277,38,1024,B
12261403,26,461,476,615,75,1168,114,287,94,614,178,602,74,320,48,978,56,409,B
12020442,2,460,478,619,84,942,118,227,68,1103,190,464,68,450,61,696,61,252,C
12220435,22,460,492,619,96,282,101,570,89,751,174,647,70,406,58,779,46,787,C
12231141,23,460,484,619,88,724,89,812,103,370,180,583,66,490,62,677,52,557,C
12271021,27,460,485,619,89,670,100,596,93,644,178,602,66,490,64,627,48,709,C
12251523,25,460,492,619,103,62,78,984,98,502,181,567,66,490,68,531,47,739,C
12041828,4,460,481,619,87,793,100,596,90,731,183,546,59,652,49,963,75,18,C
12042107,4,460,499,619,101,101,104,501,96,563,159,804,54,778,50,945,55,443,C
12152535,15,460,492,619,95,326,80,961,113,150,172,668,44,973,70,473,58,339,C
12161636,16,460,488,619,94,366,86,861,96,563,184,537,48,912,67,553,69,80,C
12172137,17,460,497,619,96,282,117,245,84,869,163,755,55,759,65,600,43,889,C
12160628,16,459,493,629,94,366,90,785,106,289,169,695,42,1002,77,277,50,637,C
12151435,15,459,493,629,95,326,107,430,89,751,168,705,53,814,73,387,42,911,C
12042028,4,459,467,629,79,1100,92,744,85,845,203,331,65,521,80,208,58,339,C
12062609,6,459,497,629,97,238,112,341,90,731,160,790,53,814,47,989,60,280,C
12091832,9,459,498,629,94,366,103,525,108,234,154,853,52,829,57,806,45,819,C
12241422,24,459,469,629,76,1157,113,314,77,1003,193,437,70,406,77,277,46,787,C
12271203,27,459,492,629,94,366,100,596,96,563,169,695,55,759,63,656,51,592,C
12230937,23,459,480,629,89,670,91,767,85,845,194,426,70,406,68,531,56,409,C
12230835,23,459,467,629,77,1141,84,899,98,502,200,363,62,586,72,416,66,131,C
12222520,22,459,494,629,92,481,102,548,106,289,159,804,68,450,37,1106,54,476,C
12202419,20,459,500,629,105,35,92,744,107,260,155,842,60,622,53,894,42,911,C
12201440,20,458,490,640,97,238,90,785,92,674,179,593,63,574,76,312,40,969,C
12200833,20,458,485,640,92,481,90,785,92,674,184,537,70,406,71,440,43,889,C
12232421,23,458,482,640,97,238,79,976,78,990,204,321,74,320,73,387,57,370,C
12221820,22,458,486,640,97,238,82,935,89,751,190,464,72,360,64,627,54,476,C
12270737,27,458,496,640,93,433,105,482,104,343,156,836,47,928,60,723,49,676,C
12102333,10,458,495,640,94,366,98,631,106,289,160,790,52,829,55,853,53,515,C
12151814,15,457,488,646,94,366,95,684,90,731,178,602,69,436,56,828,53,515,C
12181938,18,457,486,646,91,549,95,684,96,563,175,638,59,652,64,627,52,557,C
12041507,4,457,492,646,94,366,86,861,120,58,157,827,43,987,55,853,59,309,C
12271604,27,457,484,646,92,481,102,548,81,937,182,556,50,871,72,416,60,280,C
12251201,25,457,485,646,85,904,112,341,98,502,162,766,60,622,65,600,37,1040,C
12250713,25,457,486,646,91,549,110,379,81,937,175,638,54,778,81,183,40,969,C
12231521,23,457,484,646,88,724,108,411,87,796,174,647,58,680,61,696,55,443,C
12230813,23,456,481,653,85,904,114,287,85,845,172,668,54,778,65,600,53,515,C
12241822,24,456,499,653,106,24,91,767,108,234,151,877,48,912,56,828,47,739,C
12052029,5,456,490,653,99,157,99,614,84,869,174,647,59,652,68,531,47,739,C
12021226,2,456,470,653,79,1100,95,684,93,644,189,479,64,540,76,312,49,676,C
12172116,17,456,482,653,86,855,97,646,101,417,172,668,73,344,65,600,34,1095,C
12170910,17,456,481,653,91,549,85,880,91,705,189,479,72,360,70,473,47,739,C
12140805,14,456,488,653,91,549,100,596,98,502,167,715,56,735,65,600,46,787,C
12141009,14,456,479,653,85,904,111,360,84,869,176,626,76,278,65,600,35,1079,C
12151112,15,455,483,661,91,549,101,570,85,845,178,602,64,540,63,656,51,592,C
12171837,17,455,484,661,91,549,83,916,101,417,180,583,64,540,57,806,59,309,C
12030922,3,455,481,661,89,670,87,845,96,563,183,546,55,759,66,576,62,222,C
12051608,5,455,497,661,99,157,98,631,103,370,155,842,61,603,45,1016,49,676,C
12082510,8,455,492,661,92,481,94,700,110,187,159,804,47,928,61,696,51,592,C
12241601,24,455,482,661,90,611,94,700,89,751,182,556,66,490,69,502,47,739,C
12202732,20,455,488,661,91,549,121,181,74,1044,169,695,58,680,60,723,51,592,C
12221541,22,454,490,668,94,366,94,700,99,468,167,715,56,735,45,1016,66,131,C
12051829,5,454,495,668,105,35,103,525,89,751,157,827,51,855,52,913,54,476,C
12171416,17,454,476,668,88,724,97,646,82,911,187,507,65,521,78,256,44,856,C
12151514,15,453,489,671,95,326,100,596,91,705,167,715,50,871,68,531,49,676,C
12032739,3,453,479,671,85,904,89,812,108,234,171,679,58,680,66,576,47,739,C
12020717,2,453,488,671,95,326,88,827,97,536,173,659,44,973,75,340,54,476,C
12091911,9,453,486,671,88,724,106,459,98,502,161,777,62,586,58,779,41,940,C
12241120,24,453,496,671,92,481,118,227,99,468,144,938,46,941,56,828,42,911,C
12271625,27,452,482,676,94,366,105,482,61,1148,192,445,71,389,64,627,57,370,C
12262203,26,452,486,676,92,481,87,845,103,370,170,687,59,652,61,696,50,637,C
12062309,6,452,486,676,96,282,100,596,82,911,174,647,76,278,64,627,34,1095,C
12030619,3,452,483,676,95,326,101,570,73,1057,183,546,68,450,61,696,54,476,C
12031327,3,452,494,676,90,611,107,430,121,47,134,998,32,1114,62,677,40,969,C
12141111,14,452,494,676,101,101,90,785,100,442,161,777,56,735,54,875,51,592,C
12141534,14,452,487,676,90,611,91,767,110,187,161,777,48,912,67,553,46,787,C
12051429,5,451,476,683,86,855,106,459,84,869,175,638,67,479,78,256,30,1140,C
12102312,10,451,491,683,92,481,98,631,109,207,152,870,46,941,58,779,48,709,C
12221118,22,451,473,683,81,1061,106,459,92,674,172,668,45,961,69,502,58,339,C
12221641,22,451,491,683,92,481,97,646,113,150,149,900,57,714,58,779,34,1095,C
12262303,26,451,463,683,76,1157,76,1014,104,343,195,417,66,490,68,531,61,252,C
12261603,26,451,469,683,86,855,96,668,66,1116,203,331,72,360,76,312,55,443,C
12260714,26,450,472,689,87,793,83,916,92,674,188,492,54,778,83,131,51,592,C
12241401,24,450,474,689,84,942,95,684,94,614,177,616,46,941,78,256,53,515,C
12201139,20,450,481,689,87,793,117,245,81,937,165,736,76,278,41,1066,48,709,C
12092232,9,450,482,689,92,481,89,812,93,644,176,626,71,389,60,723,45,819,C
12062209,6,450,488,689,93,433,104,501,91,705,162,766,59,652,74,362,29,1150,C
12141913,14,449,477,694,88,724,107,430,78,990,176,626,71,389,48,978,57,370,C
12231621,23,449,480,694,91,549,74,1038,105,312,179,593,68,450,54,875,57,370,C
12251602,25,449,485,694,91,549,111,360,84,869,163,755,54,778,57,806,52,557,C
12252623,25,449,480,694,88,724,88,827,102,394,171,679,63,574,69,502,39,998,C
12251423,25,448,483,698,97,238,83,916,89,751,179,593,60,622,57,806,62,222,C
12182217,18,448,480,698,87,793,88,827,108,234,165,736,44,973,65,600,56,409,C
12102533,10,448,494,698,97,238,104,501,99,468,148,908,51,855,54,875,43,889,C
12031627,3,448,490,698,100,131,84,899,100,442,164,748,45,961,69,502,50,637,C
12021526,2,448,468,698,81,1061,101,570,88,781,178,602,71,389,69,502,38,1024,C
12051529,5,447,478,703,87,793,95,684,99,468,166,730,70,406,59,754,37,1040,C
12082709,8,447,490,703,101,101,101,570,88,781,157,827,46,941,60,723,51,592,C
12181417,18,447,486,703,94,366,91,767,99,468,163,755,44,973,69,502,50,637,C
12161113,16,447,479,703,89,670,107,430,82,911,169,695,57,714,65,600,47,739,C
12140307,14,447,466,703,82,1035,97,646,82,911,186,514,68,450,50,945,68,92,C
12232042,23,447,471,703,87,793,104,501,51,1182,205,306,74,320,79,230,52,557,C
12271123,27,446,477,709,87,793,93,723,98,502,168,705,61,603,61,696,46,787,C
12141934,14,446,467,709,89,670,72,1063,75,1027,210,259,79,226,84,111,47,739,C
12161815,16,446,468,709,83,983,97,646,87,796,179,593,78,235,48,978,53,515,C
12161315,16,446,476,709,87,793,77,1002,109,207,173,659,46,941,68,531,59,309,C
12062509,6,446,481,709,88,724,114,287,84,869,160,790,75,304,38,1095,47,739,C
12051308,5,446,484,709,93,433,93,723,94,614,166,730,59,652,64,627,43,889,C
12051808,5,446,484,709,92,481,98,631,94,614,162,766,54,778,49,963,59,309,C
12021605,2,446,472,709,88,724,77,1002,93,644,188,492,67,479,66,576,55,443,C
12021023,2,445,493,717,101,101,91,767,105,312,148,908,60,622,49,963,39,998,C
12030842,3,445,472,717,88,724,86,861,88,781,183,546,47,928,82,151,54,476,C
12042607,4,445,478,717,92,481,75,1030,98,502,180,583,60,622,58,779,62,222,C
12062630,6,445,482,717,96,282,88,827,87,796,174,647,54,778,68,531,52,557,C
12062030,6,445,484,717,90,611,104,501,95,589,156,836,51,855,46,1004,59,309,C
12151835,15,445,486,717,90,611,105,482,100,442,150,888,50,871,63,656,37,1040,C
12181617,18,445,477,717,86,855,97,646,98,502,164,748,40,1021,63,656,61,252,C
12171916,17,445,471,717,86,855,90,785,91,705,178,602,68,450,70,473,40,969,C
12141813,14,445,483,717,92,481,94,700,94,614,165,736,76,278,41,1066,48,709,C
12020519,2,445,463,717,76,1157,95,684,93,644,181,567,57,714,73,387,51,592,C
12192018,19,444,465,727,81,1061,86,861,96,563,181,567,61,603,69,502,51,592,C
12180933,18,444,472,727,83,983,108,411,89,751,164,748,50,871,57,806,57,370,C
12191218,19,444,459,727,81,1061,91,767,50,1185,222,158,80,193,89,32,53,515,C
12162215,16,444,460,727,79,1100,97,646,78,990,190,464,70,406,72,416,48,709,C
12171216,17,444,484,727,90,611,103,525,98,502,153,860,64,540,47,989,42,911,C
12082631,8,444,483,727,92,481,78,984,116,102,158,818,56,735,57,806,45,819,C
12042628,4,444,485,727,101,101,100,596,76,1014,167,715,51,855,55,853,61,252,C
12042307,4,444,492,727,96,282,107,430,98,502,143,949,59,652,37,1106,47,739,C
12050902,5,444,482,727,89,670,103,525,95,589,157,827,44,973,57,806,56,409,C
12042528,4,443,485,736,104,46,88,827,85,845,166,730,59,652,51,926,56,409,C
12021405,2,443,474,736,92,481,74,1038,91,705,186,514,50,871,79,230,57,370,C
12161615,16,443,466,736,82,1035,113,314,68,1103,180,583,54,778,79,230,47,739,C
12152335,15,443,475,736,90,611,85,880,92,674,176,626,45,961,72,416,59,309,C
12271404,27,443,468,736,69,1190,95,684,111,176,168,705,59,652,70,473,39,998,C
12262403,26,443,488,736,97,238,90,785,100,442,156,836,64,540,47,989,45,819,C
12242001,24,443,476,736,93,433,97,646,67,1109,186,514,59,652,63,656,64,173,C
12241501,24,442,475,743,85,904,93,723,104,343,160,790,62,586,48,978,50,637,C
12271504,27,442,472,743,83,983,105,482,95,589,159,804,53,814,54,875,52,557,C
12192039,19,442,472,743,90,611,88,827,82,911,182,556,52,829,68,531,62,222,C
12152314,15,442,480,743,99,157,102,548,60,1153,181,567,56,735,70,473,55,443,C
12061709,6,442,483,743,92,481,92,744,100,442,158,818,54,778,57,806,47,739,C
12102412,10,441,490,748,101,101,81,947,114,133,145,932,35,1097,72,416,38,1024,C
12221016,22,440,485,749,92,481,102,548,99,468,147,917,58,680,53,894,36,1061,C
12092411,9,440,462,749,83,983,83,916,89,751,185,527,59,652,66,576,60,280,C
12092211,9,440,471,749,85,904,101,570,89,751,165,736,73,344,65,600,27,1161,C
12172416,17,440,488,749,99,157,118,227,72,1067,151,877,48,912,62,677,41,940,C
12061730,6,439,477,753,92,481,95,684,84,869,168,705,59,652,55,853,54,476,C
12042228,4,439,485,753,97,238,81,947,106,289,155,842,47,928,52,913,56,409,C
12201540,20,439,472,753,86,855,102,548,89,751,162,766,53,814,56,828,53,515,C
12201919,20,439,484,753,99,157,90,785,93,644,157,827,41,1013,69,502,47,739,C
12260241,26,439,471,753,84,942,97,646,95,589,163,755,68,450,51,926,44,856,C
12241522,24,438,470,758,83,983,92,744,102,394,161,777,52,829,69,502,40,969,C
12202019,20,438,483,758,100,131,87,845,89,751,162,766,67,479,59,754,36,1061,C
12221320,22,438,478,758,90,611,89,812,100,442,159,804,58,680,52,913,49,676,C
12231921,23,438,468,758,88,724,85,880,84,869,181,567,66,490,66,576,49,676,C
12042428,4,438,478,758,93,433,85,880,93,644,167,715,59,652,59,754,49,676,C
12042328,4,438,477,758,92,481,108,411,69,1092,169,695,61,603,41,1066,67,115,C
12082531,8,438,480,758,91,549,105,482,87,796,155,842,58,680,63,656,34,1095,C
12171537,17,438,476,758,92,481,101,570,79,972,166,730,66,490,65,600,35,1079,C
12181317,18,438,465,758,88,724,88,827,69,1092,193,437,76,278,70,473,47,739,C
12141834,14,437,468,767,90,611,87,845,74,1044,186,514,60,622,69,502,57,370,C
12061930,6,437,472,767,91,549,92,744,79,972,175,638,71,389,52,913,52,557,C
12041907,4,437,473,767,85,904,88,827,108,234,156,836,33,1109,63,656,60,280,C
12031527,3,437,457,767,83,983,89,812,69,1092,196,410,77,265,60,723,59,309,C
12031806,3,437,474,767,88,724,81,947,107,260,161,777,45,961,67,553,49,676,C
12231821,23,437,471,767,83,983,101,570,100,442,153,860,53,814,62,677,38,1024,C
12051908,5,436,481,773,95,326,75,1030,105,312,161,777,55,759,62,677,44,856,C
12181738,18,436,471,773,92,481,87,845,80,950,177,616,58,680,70,473,49,676,C
12181817,18,435,464,775,83,983,113,314,67,1109,172,668,59,652,68,531,45,819,C
12181838,18,435,472,775,91,549,90,785,84,869,170,687,65,521,68,531,37,1040,C
12152214,15,435,478,775,93,433,86,861,97,536,159,804,46,941,56,828,57,370,C
12062009,6,435,494,775,103,62,96,668,107,260,129,1027,42,1002,56,828,31,1133,C
12222420,22,435,478,775,89,670,91,767,105,312,150,888,52,829,48,978,50,637,C
12202119,20,435,461,775,88,724,67,1095,79,972,201,353,69,436,71,440,61,252,C
12271904,27,435,470,775,87,793,100,596,83,893,165,736,50,871,52,913,63,198,C
12202519,20,434,493,782,104,46,96,668,105,312,129,1027,32,1114,58,779,39,998,C
12170830,17,434,472,782,84,942,92,744,109,207,149,900,39,1038,54,875,56,409,C
12181338,18,434,467,782,87,793,102,548,74,1044,171,679,43,987,76,312,52,557,C
12171237,17,433,463,785,88,724,82,935,79,972,184,537,60,622,77,277,47,739,C
12182038,18,433,468,785,85,904,105,482,83,893,160,790,72,360,58,779,30,1140,C
12182117,18,433,476,785,92,481,104,501,80,950,157,827,48,912,69,502,40,969,C
12020819,2,433,463,785,78,1129,101,570,97,536,157,827,70,406,46,1004,41,940,C
12192339,19,433,462,785,81,1061,89,812,96,563,167,715,58,680,53,894,56,409,C
12261524,26,433,476,785,89,670,104,501,88,781,152,870,51,855,60,723,41,940,C
12252826,25,432,452,791,63,1197,84,899,87,796,198,381,72,360,73,387,53,515,C
12171737,17,432,479,791,98,199,107,430,65,1124,162,766,56,735,53,894,53,515,C
12141513,14,431,459,793,83,983,94,700,80,950,174,647,62,586,64,627,48,709,C
12032027,3,431,474,793,91,549,75,1030,104,343,161,777,48,912,62,677,51,592,C
12241701,24,431,463,793,79,1100,112,341,85,845,155,842,75,304,57,806,23,1176,C
12271525,27,431,454,793,72,1184,95,684,84,869,180,583,65,521,59,754,56,409,C
12042706,4,430,456,797,79,1100,56,1151,105,312,190,464,65,521,59,754,66,131,C
12172516,17,430,483,797,100,131,78,984,105,312,147,917,50,871,47,989,50,637,C
12152035,15,430,471,797,83,983,127,102,75,1027,145,932,54,778,54,875,37,1040,C
12191239,19,429,479,800,96,282,82,935,101,417,150,888,49,896,67,553,34,1095,C
12221341,22,429,470,800,89,670,79,976,98,502,163,755,41,1013,71,440,51,592,C
12261924,26,429,478,800,96,282,109,395,67,1109,157,827,60,622,39,1090,58,339,C
12251323,25,429,486,800,98,199,92,744,104,343,135,994,37,1069,46,1004,52,557,C
12251019,25,429,466,800,87,793,83,916,94,614,165,736,55,759,60,723,50,637,C
12191518,19,428,450,805,74,1176,67,1095,95,589,192,445,66,490,72,416,54,476,C
12042007,4,428,461,805,82,1035,93,723,91,705,162,766,59,652,63,656,40,969,C
12061609,6,428,470,805,85,904,106,459,93,644,144,938,61,603,32,1148,51,592,C
12082110,8,427,466,808,83,983,112,341,84,869,148,908,54,778,44,1034,50,637,C
12040901,4,427,453,808,81,1061,78,984,86,822,182,556,63,574,80,208,39,998,C
12141334,14,427,453,808,84,942,79,976,69,1092,195,417,60,622,83,131,52,557,C
12252302,25,427,473,808,98,199,82,935,82,911,165,736,61,603,55,853,49,676,C
12252402,25,427,460,808,82,1035,78,984,100,442,167,715,61,603,58,779,48,709,C
12241922,24,427,463,808,84,942,91,767,90,731,162,766,64,540,59,754,39,998,C
12221220,22,426,476,814,89,670,108,411,91,705,138,980,40,1021,45,1016,53,515,C
12221441,22,425,465,815,87,793,101,570,82,911,155,842,57,714,43,1042,55,443,C
12231842,23,424,451,816,79,1100,101,570,67,1109,177,616,55,759,71,440,51,592,C
12142034,14,424,472,816,89,670,90,785,100,442,145,932,39,1038,53,894,53,515,C
12162015,16,424,469,816,91,549,99,614,79,972,155,842,55,759,52,913,48,709,C
12042407,4,424,463,816,84,942,89,812,96,563,155,842,45,961,57,806,53,515,C
12061230,6,424,475,816,98,199,71,1070,97,536,158,818,74,320,54,875,30,1140,C
12031906,3,424,470,816,89,670,84,899,101,417,150,888,53,814,39,1090,58,339,C
12191539,19,423,458,822,85,904,103,525,57,1170,178,602,78,235,55,853,45,819,C
12221520,22,423,465,822,87,793,102,548,81,937,153,860,54,778,52,913,47,739,C
12192218,19,423,461,822,90,611,69,1080,83,893,181,567,65,521,62,677,54,476,C
12270715,27,422,468,825,85,904,100,596,99,468,138,980,55,759,49,963,34,1095,C
12032106,3,422,454,825,81,1061,81,947,92,674,168,705,64,540,58,779,46,787,C
12092432,9,421,466,827,91,549,73,1050,93,644,164,748,67,479,60,723,37,1040,C
12271325,27,421,456,827,83,983,107,430,60,1153,171,679,61,603,57,806,53,515,C
12241722,24,421,482,827,95,326,99,614,99,468,128,1033,27,1156,49,963,52,557,C
12202319,20,421,471,827,93,433,76,1014,98,502,154,853,39,1038,59,754,56,409,C
12152614,15,420,486,831,107,15,86,861,110,187,117,1100,40,1021,45,1016,32,1119,C
12151235,15,419,470,832,94,366,81,947,93,644,151,877,57,714,57,806,37,1040,C
12191439,19,419,466,832,90,611,96,668,80,950,153,860,41,1013,72,416,40,969,C
12172016,17,419,466,832,82,1035,104,501,100,442,133,1005,32,1114,61,696,40,969,C
12062130,6,419,469,832,92,481,86,861,91,705,150,888,49,896,48,978,53,515,C
12062530,6,419,466,832,92,481,82,935,86,822,159,804,53,814,66,576,40,969,C
12032327,3,419,460,832,81,1061,81,947,113,150,144,938,49,896,40,1081,55,443,C
12202440,20,419,474,832,94,366,97,646,87,796,141,959,33,1109,59,754,49,676,C
12192139,19,419,462,832,91,549,74,1038,84,869,170,687,59,652,63,656,48,709,C
12221941,22,419,476,832,90,611,101,570,102,394,126,1048,38,1050,50,945,38,1024,C
12222241,22,419,468,832,95,326,86,861,79,972,159,804,52,829,41,1066,66,131,C
12270839,27,419,480,832,95,326,89,812,104,343,131,1014,43,987,51,926,37,1040,C
12181917,18,418,464,843,89,670,76,1014,95,589,158,818,60,622,59,754,39,998,C
12161436,16,417,453,844,83,983,92,744,77,1003,165,736,47,928,67,553,51,592,C
12041728,4,417,458,844,82,1035,68,1088,113,150,154,853,54,778,46,1004,54,476,C
12261042,26,417,454,844,86,855,58,1143,89,751,184,537,49,896,71,440,64,173,C
12240836,24,417,456,844,83,983,100,596,79,972,155,842,49,896,61,696,45,819,C
12251702,25,417,448,844,79,1100,91,767,75,1027,172,668,74,320,51,926,47,739,C
12222808,22,416,457,849,87,793,77,1002,87,796,165,736,64,540,57,806,44,856,C
12031606,3,416,466,849,85,904,81,947,117,90,133,1005,36,1087,42,1053,55,443,C
12021305,2,416,468,849,93,433,80,961,92,674,151,877,42,1002,56,828,53,515,C
12171437,17,416,474,849,90,611,92,744,104,343,130,1019,47,928,49,963,34,1095,C
12022005,2,415,470,853,87,793,90,785,116,102,122,1071,50,871,29,1163,43,889,C
12021726,2,415,454,853,86,855,91,767,66,1116,172,668,72,360,43,1042,57,370,C
12021001,2,415,468,853,104,46,61,1134,83,893,167,715,50,871,72,416,45,819,C
12092611,9,415,478,853,106,24,78,984,98,502,133,1005,52,829,31,1152,50,637,C
12191939,19,414,456,857,69,1190,100,596,102,394,143,949,46,941,60,723,37,1040,C
12192836,19,414,458,857,83,983,83,916,104,343,144,938,54,778,56,828,34,1095,C
12062725,6,414,447,857,79,1100,94,700,73,1057,168,705,66,490,55,853,47,739,C
12062109,6,414,461,857,88,724,66,1104,100,442,160,790,46,941,65,600,49,676,C
12052208,5,414,483,857,100,131,101,570,99,468,114,1116,38,1050,42,1053,34,1095,C
12181638,18,414,466,857,90,611,72,1063,104,343,148,908,54,778,55,853,39,998,C
12181438,18,414,446,857,77,1141,92,744,77,1003,168,705,51,855,66,576,51,592,C
12161715,16,414,454,857,82,1035,103,525,77,1003,152,870,69,436,47,989,36,1061,C
12152435,15,413,463,865,97,238,73,1050,77,1003,166,730,60,622,51,926,55,443,C
12181517,18,413,462,865,90,611,91,767,80,950,152,870,57,714,43,1042,52,557,C
12051929,5,413,477,865,106,24,84,899,93,644,130,1019,34,1104,49,963,47,739,C
12222041,22,413,463,865,91,549,89,812,82,911,151,877,57,714,50,945,44,856,C
12221920,22,413,460,865,85,904,90,785,94,614,144,938,51,855,55,853,38,1024,C
12221140,22,413,478,865,97,238,86,861,106,289,124,1061,34,1104,56,828,34,1095,C
12251823,25,413,454,865,83,983,109,395,51,1182,170,687,58,680,53,894,59,309,C
12242222,24,413,460,865,88,724,85,880,86,822,154,853,58,680,46,1004,50,637,C
12252423,25,412,474,873,100,131,105,482,70,1078,137,987,57,714,44,1034,36,1061,C
12250815,25,412,467,873,93,433,80,961,93,644,146,927,41,1013,67,553,38,1024,C
12222141,22,412,470,873,99,157,78,984,90,731,145,932,40,1021,57,806,48,709,C
12202340,20,412,451,873,81,1061,107,430,59,1160,165,736,57,714,66,576,42,911,C
12202619,20,412,456,873,85,904,98,631,76,1014,153,860,50,871,60,723,43,889,C
12202639,20,412,468,873,91,549,76,1014,107,260,138,980,32,1114,59,754,47,739,C
12202807,20,412,452,873,87,793,90,785,57,1170,178,602,52,829,81,183,45,819,C
12032606,3,412,456,873,88,724,97,646,55,1174,172,668,63,574,50,945,59,309,C
12182417,18,412,467,873,97,238,73,1050,89,751,153,860,22,1175,69,502,62,222,C
12171816,17,412,468,873,88,724,87,845,107,260,130,1019,58,680,31,1152,41,940,C
12162515,16,411,470,883,93,433,114,287,63,1136,141,959,47,928,59,754,35,1079,C
12052229,5,411,461,883,89,670,102,548,69,1092,151,877,47,928,55,853,49,676,C
12042830,4,411,458,883,94,366,72,1063,71,1074,174,647,54,778,58,779,62,222,C
12201940,20,411,446,883,77,1141,97,646,75,1027,162,766,48,912,59,754,55,443,C
12232521,23,411,464,883,89,670,90,785,91,705,141,959,56,735,54,875,31,1133,C
12222441,22,410,469,888,93,433,65,1112,111,176,141,959,53,814,41,1066,47,739,C
12192239,19,410,461,888,90,611,97,646,73,1057,150,888,51,855,63,656,36,1061,C
12202240,20,410,470,888,98,199,74,1038,95,589,143,949,41,1013,45,1016,57,370,C
12041807,4,410,449,888,74,1176,107,430,82,911,147,917,48,912,44,1034,55,443,C
12021805,2,410,454,888,88,724,90,785,63,1136,169,695,60,622,57,806,52,557,C
12021826,2,410,467,888,84,942,101,570,107,260,118,1094,54,778,49,963,15,1198,C
12162415,16,410,462,888,92,481,85,880,83,893,150,888,36,1087,61,696,53,515,C
12161836,16,410,458,888,89,670,74,1038,91,705,156,836,43,987,54,875,59,309,C
12171716,17,410,460,888,90,611,97,646,69,1092,154,853,48,912,58,779,48,709,C
12141634,14,409,459,897,90,611,67,1095,93,644,159,804,57,714,60,723,42,911,C
12182138,18,409,466,897,94,366,80,961,91,705,144,938,44,973,54,875,46,787,C
12161736,16,409,461,897,88,724,62,1131,108,234,151,877,52,829,58,779,41,940,C
12152114,15,409,468,897,90,611,80,961,106,289,133,1005,37,1069,51,926,45,819,C
12151935,15,409,469,897,92,481,87,845,96,563,134,998,42,1002,52,913,40,969,C
12152014,15,409,461,897,82,1035,93,723,107,260,127,1039,49,896,42,1053,36,1061,C
12032306,3,409,454,897,81,1061,94,700,92,674,142,956,40,1021,60,723,42,911,C
12032127,3,409,473,897,99,157,88,827,88,781,134,998,40,1021,59,754,35,1079,C
12202822,20,409,473,897,100,131,75,1030,98,502,136,990,47,928,50,945,39,998,C
12222620,22,409,453,897,85,904,90,785,80,950,154,853,45,961,57,806,52,557,C
12242122,24,409,449,897,85,904,83,916,72,1067,169,695,80,193,51,926,38,1024,C
12242401,24,408,468,908,101,101,84,899,82,911,141,959,45,961,61,696,35,1079,C
12262524,26,408,456,908,87,793,81,947,90,731,150,888,50,871,56,828,44,856,C
12271304,27,408,454,908,86,855,93,723,78,990,151,877,45,961,56,828,50,637,C
12222020,22,408,453,908,77,1141,99,614,95,589,137,987,57,714,44,1034,36,1061,C
12222220,22,408,454,908,88,724,88,827,73,1057,159,804,57,714,55,853,47,739,C
12031827,3,408,445,908,70,1187,83,916,94,614,161,777,72,360,42,1053,47,739,C
12022226,2,408,475,908,99,157,91,767,91,705,127,1039,50,871,29,1163,48,709,C
12052008,5,408,448,908,87,793,77,1002,63,1136,181,567,64,540,50,945,67,115,C
12152235,15,408,457,908,88,724,84,899,85,845,151,877,43,987,64,627,44,856,C
12172316,17,408,474,908,100,131,83,916,94,614,131,1014,40,1021,52,913,39,998,C
12142234,14,408,458,908,84,942,107,430,79,972,138,980,38,1050,70,473,30,1140,C
12141434,14,407,446,919,78,1129,105,482,66,1116,158,818,55,759,63,656,40,969,C
12191618,19,407,455,919,86,855,82,935,92,674,147,917,50,871,57,806,40,969,C
12151635,15,407,462,919,92,481,78,984,89,751,148,908,53,814,54,875,41,940,C
12161515,16,407,461,919,93,433,86,861,78,990,150,888,30,1132,70,473,50,637,C
12221620,22,407,454,919,80,1086,103,525,86,822,138,980,52,829,50,945,36,1061,C
12232242,23,406,476,924,97,238,86,861,105,312,118,1094,43,987,28,1170,47,739,C
12181538,18,406,460,924,89,670,57,1147,102,394,158,818,40,1021,54,875,64,173,C
12141413,14,405,442,926,75,1168,83,916,87,796,160,790,74,320,74,362,12,1200,D
12191036,19,405,451,926,84,942,63,1122,98,502,160,790,48,912,50,945,62,222,D
12032705,3,405,446,926,77,1141,106,459,74,1044,148,908,61,603,37,1106,50,637,D
12102612,10,405,462,926,91,549,91,767,84,869,139,975,20,1182,56,828,63,198,D
12092311,9,405,452,926,86,855,85,880,81,937,153,860,55,759,54,875,44,856,D
12222823,22,405,442,926,79,1100,78,984,85,845,163,755,58,680,64,627,41,940,D
12271704,27,405,466,926,89,670,86,861,101,417,129,1027,28,1144,62,677,39,998,D
12250939,25,405,470,926,90,611,92,744,107,260,116,1110,44,973,37,1106,35,1079,D
12232809,23,404,443,934,68,1192,82,935,93,644,161,777,55,759,55,853,51,592,D
12232321,23,404,467,934,100,131,84,899,82,911,138,980,46,941,47,989,45,819,D
12042128,4,404,463,934,98,199,85,880,73,1057,148,908,51,855,42,1053,55,443,D
12161915,16,404,453,934,82,1035,108,411,75,1027,139,975,57,714,45,1016,37,1040,D
12141613,14,404,439,934,76,1157,77,1002,84,869,167,715,62,586,60,723,45,819,D
12191418,19,403,441,939,71,1186,76,1014,93,644,163,755,52,829,64,627,47,739,D
12172237,17,403,443,939,78,1129,71,1070,94,614,160,790,60,622,55,853,45,819,D
12052129,5,403,463,939,97,238,76,1014,84,869,146,927,39,1038,66,576,41,940,D
12022126,2,403,437,939,77,1141,86,861,65,1124,175,638,80,193,58,779,37,1040,D
12062409,6,403,461,939,92,481,86,861,85,845,140,971,44,973,55,853,41,940,D
12241322,24,403,444,939,84,942,62,1131,81,937,176,626,65,521,64,627,47,739,D
12251902,25,402,466,945,89,670,95,684,95,589,123,1067,36,1087,53,894,34,1095,D
12031706,3,402,468,945,94,366,76,1014,104,343,128,1033,40,1021,56,828,32,1119,D
12172216,17,402,444,945,78,1129,103,525,69,1092,152,870,63,574,57,806,32,1119,D
12190934,19,401,456,948,87,793,65,1112,105,312,144,938,39,1038,58,779,47,739,D
12162819,16,401,466,948,99,157,90,785,31,1201,181,567,51,855,80,208,50,637,D
12042724,4,401,450,948,86,855,68,1088,92,674,155,842,54,778,51,926,50,637,D
12062430,6,401,456,948,87,793,83,916,92,674,139,975,52,829,54,875,33,1112,D
12061830,6,400,456,952,88,724,80,961,92,674,140,971,40,1021,56,828,44,856,D
12032814,3,400,453,952,85,904,59,1139,105,312,151,877,46,941,47,989,58,339,D
12032406,3,400,455,952,90,611,65,1112,91,705,154,853,36,1087,58,779,60,280,D
12252523,25,400,442,952,83,983,76,1014,79,972,162,766,56,735,60,723,46,787,D
12271425,27,399,449,956,86,855,84,899,82,911,147,917,32,1114,66,576,49,676,D
12262703,26,399,455,956,90,611,95,684,65,1124,149,900,58,680,51,926,40,969,D
12192539,19,399,458,956,94,366,77,1002,80,950,148,908,43,987,64,627,41,940,D
12202040,20,399,450,956,85,904,99,614,72,1067,143,949,52,829,59,754,32,1119,D
12032527,3,399,462,956,92,481,75,1030,96,563,136,990,38,1050,56,828,42,911,D
12142334,14,398,455,961,89,670,81,947,86,822,142,956,37,1069,59,754,46,787,D
12182338,18,398,438,961,79,1100,80,961,76,1014,163,755,60,622,63,656,40,969,D
12061530,6,398,453,961,89,670,77,1002,85,845,147,917,52,829,51,926,44,856,D
12062816,6,398,448,961,89,670,79,976,61,1148,169,695,77,265,50,945,42,911,D
12202837,20,398,461,961,91,549,81,947,94,614,132,1010,43,987,46,1004,43,889,D
12231942,23,398,474,961,99,157,102,548,87,796,110,1129,42,1002,35,1127,33,1112,D
12252123,25,398,461,961,97,238,90,785,70,1078,141,959,35,1097,66,576,40,969,D
12222320,22,397,464,968,100,131,84,899,79,972,134,998,45,961,53,894,36,1061,D
12192439,19,397,459,968,97,238,71,1070,83,893,146,927,40,1021,61,696,45,819,D
12191639,19,397,441,968,64,1196,85,880,91,705,157,827,58,680,62,677,37,1040,D
12172037,17,397,461,968,95,326,88,827,78,990,136,990,46,941,48,978,42,911,D
12191718,19,396,451,972,91,549,76,1014,76,1014,153,860,63,574,47,989,43,889,D
12032206,3,396,450,972,83,983,90,785,91,705,132,1010,48,912,41,1066,43,889,D
12051106,5,396,462,972,89,670,97,646,93,644,117,1100,25,1163,42,1053,50,637,D
12202716,20,396,445,972,83,983,89,812,80,950,144,938,38,1050,66,576,40,969,D
12202924,20,395,463,976,94,366,85,880,88,781,128,1033,37,1069,38,1095,53,515,D
12242322,24,395,454,976,84,942,98,631,86,822,127,1039,40,1021,46,1004,41,940,D
12262103,26,395,447,976,83,983,63,1122,103,370,146,927,50,871,54,875,42,911,D
12182317,18,394,440,979,74,1176,98,631,80,950,142,956,53,814,58,779,31,1133,D
12082610,8,394,436,979,79,1100,86,861,70,1078,159,804,75,304,49,963,35,1079,D
12202908,20,394,438,979,82,1035,73,1050,76,1014,163,755,61,603,58,779,44,856,D
12191918,19,393,455,982,89,670,84,899,86,822,134,998,48,912,51,926,35,1079,D
12252323,25,393,464,982,97,238,81,947,89,751,126,1048,45,961,45,1016,36,1061,D
12142633,14,393,462,982,94,366,84,899,88,781,127,1039,35,1097,51,926,41,940,D
12191138,19,392,448,985,90,611,78,984,74,1044,150,888,41,1013,68,531,41,940,D
12172636,17,392,443,985,76,1157,96,668,87,796,133,1005,52,829,45,1016,36,1061,D
12092532,9,392,458,985,92,481,77,1002,92,674,131,1014,58,680,48,978,25,1169,D
12052308,5,392,443,985,85,904,82,935,76,1014,149,900,45,961,61,696,43,889,D
12172537,17,391,464,989,98,199,66,1104,97,536,130,1019,43,987,50,945,37,1040,D
12162236,16,391,445,989,85,904,85,880,80,950,141,959,54,778,46,1004,41,940,D
12262224,26,391,452,989,89,670,85,880,82,911,135,994,46,941,51,926,38,1024,D
12192638,19,391,456,989,88,724,88,827,92,674,123,1067,44,973,32,1148,47,739,D
12272004,27,390,440,993,82,1035,72,1063,87,796,149,900,38,1050,60,723,51,592,D
12151714,15,390,443,993,76,1157,91,767,93,644,130,1019,69,436,22,1186,39,998,D
12151735,15,389,457,995,101,101,65,1112,82,911,141,959,35,1097,53,894,53,515,D
12162336,16,389,446,995,88,724,87,845,66,1116,148,908,48,912,61,696,39,998,D
12190708,19,389,443,995,77,1141,96,668,87,796,129,1027,44,973,47,989,38,1024,D
12251623,25,389,442,995,87,793,83,916,60,1153,159,804,43,987,60,723,56,409,D
12222341,22,389,450,995,91,549,90,785,64,1132,144,938,50,871,59,754,35,1079,D
12142534,14,388,442,1000,88,724,72,1063,66,1116,162,766,57,714,53,894,52,557,D
12142413,14,388,453,1000,97,238,66,1104,78,990,147,917,42,1002,55,853,50,637,D
12062330,6,388,448,1000,86,855,87,845,83,893,132,1010,35,1097,52,913,45,819,D
12021905,2,387,452,1003,93,433,70,1076,81,937,143,949,60,622,37,1106,46,787,D
12162036,16,387,456,1003,90,611,66,1104,101,417,130,1019,34,1104,55,853,41,940,D
12222120,22,387,454,1003,91,549,88,827,80,950,128,1033,51,855,40,1081,37,1040,D
12252002,25,387,437,1003,82,1035,76,1014,82,911,147,917,47,928,56,828,44,856,D
12272104,27,387,440,1003,82,1035,79,976,85,845,141,959,64,540,38,1095,39,998,D
12252023,25,386,438,1008,83,983,93,723,58,1163,152,870,40,1021,58,779,54,476,D
12191739,19,386,470,1008,108,11,44,1179,109,207,125,1055,37,1069,42,1053,46,787,D
12142213,14,386,462,1008,104,46,50,1167,93,644,139,975,22,1175,66,576,51,592,D
12191339,19,385,448,1011,94,366,71,1070,69,1092,151,877,57,714,54,875,40,969,D
12262424,26,385,440,1011,80,1086,75,1030,93,644,137,987,46,941,45,1016,46,787,D
12191839,19,385,446,1011,88,724,69,1080,87,796,141,959,54,778,47,989,40,969,D
12201619,20,385,448,1011,92,481,81,947,63,1136,149,900,55,759,51,926,43,889,D
12192731,19,384,427,1015,75,1168,73,1050,77,1003,159,804,43,987,60,723,56,409,D
12172804,17,384,454,1015,93,433,80,961,81,937,130,1019,49,896,34,1137,47,739,D
12172835,17,384,450,1015,88,724,87,845,85,845,124,1061,36,1087,51,926,37,1040,D
12251923,25,383,452,1018,88,724,104,501,70,1078,121,1077,48,912,43,1042,30,1140,D
12242101,24,382,438,1019,84,942,74,1038,80,950,144,938,56,735,37,1106,51,592,D
12222541,22,382,459,1019,93,433,65,1112,107,260,117,1100,25,1163,57,806,35,1079,D
12172337,17,382,454,1019,93,433,77,1002,87,796,125,1055,62,586,38,1095,25,1169,D
12031506,3,382,428,1019,79,1100,78,984,48,1186,177,616,64,540,71,440,42,911,D
12062708,6,382,449,1019,87,793,94,700,81,937,120,1084,35,1097,38,1095,47,739,D
12021626,2,381,458,1024,97,238,51,1165,95,589,138,980,59,652,33,1140,46,787,D
12182617,18,381,457,1024,94,366,77,1002,92,674,118,1094,39,1038,37,1106,42,911,D
12162635,16,381,448,1024,91,549,88,827,66,1116,136,990,49,896,45,1016,42,911,D
12231442,23,381,446,1024,87,793,78,984,87,796,129,1027,52,829,38,1095,39,998,D
12271804,27,381,441,1024,89,670,80,961,54,1177,158,818,54,778,72,416,32,1119,D
12251723,25,381,439,1024,86,855,80,961,72,1067,143,949,33,1109,65,600,45,819,D
12262503,26,380,432,1030,82,1035,76,1014,69,1092,153,860,50,871,50,945,53,515,D
12141713,14,380,454,1030,92,481,70,1076,95,589,123,1067,37,1069,41,1066,45,819,D
12141734,14,380,445,1030,86,855,83,916,86,822,125,1055,30,1132,53,894,42,911,D
12162712,16,380,452,1030,94,366,83,916,77,1003,126,1048,32,1114,53,894,41,940,D
12161936,16,380,450,1030,89,670,90,785,79,972,122,1071,28,1144,57,806,37,1040,D
12162834,16,380,434,1030,80,1086,69,1080,85,845,146,927,44,973,59,754,43,889,D
12032227,3,380,459,1030,93,433,63,1122,109,207,115,1113,47,928,29,1163,39,998,D
12162136,16,379,448,1037,87,793,92,744,84,869,116,1110,38,1050,41,1066,37,1040,D
12182714,18,379,430,1037,79,1100,73,1050,82,911,145,932,37,1069,68,531,40,969,D
12192821,19,379,443,1037,91,549,67,1095,74,1044,147,917,38,1050,70,473,39,998,D
12202935,20,378,441,1040,83,983,83,916,88,781,124,1061,20,1182,43,1042,61,252,D
12222838,22,378,428,1040,79,1100,63,1122,81,937,155,842,58,680,51,926,46,787,D
12142513,14,378,434,1040,86,855,59,1139,67,1109,166,730,49,896,68,531,49,676,D
12021705,2,378,443,1040,87,793,76,1014,84,869,131,1014,37,1069,31,1152,63,198,D
12052408,5,378,433,1040,82,1035,78,984,77,1003,141,959,39,1038,55,853,47,739,D
12202219,20,377,431,1045,51,1204,73,1050,83,893,170,687,56,735,58,779,56,409,D
12232542,23,375,453,1046,98,199,77,1002,79,972,121,1077,38,1050,51,926,32,1119,D
12162728,16,375,435,1046,73,1182,99,614,23,1205,180,583,72,360,55,853,53,515,D
12042921,4,375,443,1046,84,942,65,1112,102,394,124,1061,38,1050,32,1148,54,476,D
12162115,16,374,450,1049,88,724,65,1112,109,207,112,1125,26,1160,35,1127,51,592,D
12162536,16,374,450,1049,89,670,67,1095,101,417,117,1100,25,1163,37,1106,55,443,D
12262003,26,374,452,1049,88,724,92,744,90,731,104,1146,27,1156,36,1115,41,940,D
12272225,27,374,447,1049,89,670,85,880,83,893,117,1100,46,941,36,1115,35,1079,D
12192118,19,373,442,1053,87,793,91,767,67,1109,128,1033,49,896,33,1140,46,787,D
12191818,19,373,445,1053,85,904,73,1050,103,370,112,1125,38,1050,48,978,26,1163,D
12032627,3,373,445,1053,88,724,83,916,84,869,118,1094,32,1114,42,1053,44,856,D
12022205,2,372,440,1056,82,1035,68,1088,100,442,122,1071,58,680,23,1183,41,940,D
12162615,16,372,446,1056,91,549,82,935,77,1003,122,1071,52,829,31,1152,39,998,D
12142313,14,372,459,1056,97,238,84,899,90,731,101,1155,33,1109,36,1115,32,1119,D
12192318,19,372,437,1056,90,611,67,1095,65,1124,150,888,57,714,41,1066,52,557,D
12202540,20,372,450,1056,93,433,80,961,84,869,115,1113,47,928,43,1042,25,1169,D
12272125,27,372,428,1056,77,1141,93,723,52,1181,150,888,71,389,57,806,22,1182,D
12252223,25,372,436,1056,83,983,76,1014,86,822,127,1039,28,1144,53,894,46,787,D
12192418,19,371,448,1063,92,481,90,785,74,1044,115,1113,29,1140,38,1095,48,709,D
12192806,19,371,430,1063,86,855,63,1122,62,1142,160,790,58,680,61,696,41,940,D
12182637,18,371,455,1063,99,157,59,1139,92,674,121,1077,29,1140,50,945,42,911,D
12182438,18,370,433,1066,81,1061,96,668,44,1192,149,900,46,941,59,754,44,856,D
12042815,4,370,440,1066,87,793,92,744,64,1132,127,1039,51,855,42,1053,34,1095,D
12051729,5,370,448,1066,106,24,58,1143,65,1124,141,959,74,320,35,1127,32,1119,D
12232442,23,370,441,1066,87,793,75,1030,87,796,121,1077,54,778,36,1115,31,1133,D
12222733,22,370,460,1066,97,238,78,984,99,468,96,1164,5,1204,45,1016,46,787,D
12262324,26,370,447,1066,89,670,74,1038,95,589,112,1125,39,1038,34,1137,39,998,D
12272025,27,369,434,1072,83,983,91,767,69,1092,126,1048,51,855,41,1066,34,1095,D
12251802,25,369,438,1072,80,1086,73,1050,102,394,114,1116,44,973,40,1081,30,1140,D
12172729,17,369,440,1072,84,942,80,961,92,674,113,1120,39,1038,26,1176,48,709,D
12181238,18,369,442,1072,91,549,74,1038,78,990,126,1048,38,1050,55,853,33,1112,D
12152135,15,369,431,1072,75,1168,78,984,94,614,122,1071,42,1002,41,1066,39,998,D
12182017,18,368,443,1077,83,983,74,1038,108,234,103,1151,28,1144,35,1127,40,969,D
12022326,2,368,427,1077,76,1157,62,1131,91,705,139,975,46,941,40,1081,53,515,D
12032427,3,367,443,1079,87,793,101,570,69,1092,110,1129,37,1069,45,1016,28,1157,D
12062741,6,367,453,1079,90,611,83,916,99,468,95,1166,32,1114,40,1081,23,1176,D
12152514,15,367,462,1079,95,326,88,827,98,502,86,1180,18,1188,45,1016,23,1176,D
12142134,14,365,438,1082,87,793,88,827,70,1078,120,1084,50,871,48,978,22,1182,D
12182517,18,365,442,1082,91,549,84,899,70,1078,120,1084,49,896,36,1115,35,1079,D
12172907,17,365,451,1082,93,433,98,631,70,1078,104,1146,37,1069,35,1127,32,1119,D
12052529,5,365,448,1082,83,983,93,723,101,417,88,1175,25,1163,31,1152,32,1119,D
12242301,24,365,442,1082,82,1035,83,916,102,394,98,1160,31,1130,47,989,20,1184,D
12242601,24,364,440,1087,88,724,68,1088,87,796,121,1077,37,1069,50,945,34,1095,D
12232839,23,364,427,1087,78,1129,85,880,75,1027,126,1048,30,1132,49,963,47,739,D
12262603,26,364,430,1087,81,1061,69,1080,86,822,128,1033,49,896,29,1163,50,637,D
12152414,15,364,431,1087,85,904,77,1002,68,1103,134,998,42,1002,56,828,36,1061,D
12262737,26,363,436,1091,88,724,80,961,70,1078,125,1055,28,1144,50,945,47,739,D
12272204,27,362,430,1092,88,724,61,1134,61,1148,152,870,49,896,60,723,43,889,D
12252202,25,362,436,1092,90,611,79,976,53,1179,140,971,43,987,56,828,41,940,D
12152727,15,362,448,1092,96,282,87,845,72,1067,107,1140,36,1087,26,1176,45,819,D
12172820,17,362,440,1092,87,793,59,1139,94,614,122,1071,53,814,43,1042,26,1163,D
12042913,4,362,433,1092,87,793,65,1112,78,990,132,1010,34,1104,49,963,49,676,D
12022105,2,362,436,1092,86,855,67,1095,89,751,120,1084,37,1069,40,1081,43,889,D
12032506,3,361,453,1098,96,282,72,1063,96,563,97,1162,38,1050,17,1194,42,911,D
12242201,24,361,444,1098,93,433,57,1147,86,822,125,1055,53,814,41,1066,31,1133,D
12252102,25,360,446,1100,96,282,76,1014,80,950,108,1134,29,1140,53,894,26,1163,D
12202140,20,360,440,1100,91,549,86,861,65,1124,118,1094,35,1097,53,894,30,1140,D
12182238,18,360,433,1100,82,1035,57,1147,96,563,125,1055,38,1050,44,1034,43,889,D
12172437,17,357,440,1103,91,549,66,1104,87,796,113,1120,50,871,30,1158,33,1112,D
12042927,4,356,422,1104,79,1100,70,1076,76,1014,131,1014,28,1144,47,989,56,409,D
12052108,5,355,426,1105,83,983,78,984,75,1027,119,1089,38,1050,45,1016,36,1061,D
12142434,14,355,442,1105,95,326,75,1030,74,1044,111,1128,32,1114,47,989,32,1119,D
12222717,22,355,444,1105,89,670,103,525,66,1116,97,1162,28,1144,34,1137,35,1079,D
12242825,24,355,418,1105,76,1157,84,899,60,1153,135,994,62,586,35,1127,38,1024,D
12042740,4,353,432,1109,88,724,68,1088,78,990,119,1089,16,1192,56,828,47,739,D
12022426,2,350,441,1110,96,282,51,1165,79,972,124,1061,58,680,40,1081,26,1163,D
12182538,18,350,426,1110,84,942,76,1014,70,1078,120,1084,38,1050,38,1095,44,856,D
12232342,23,349,451,1112,101,101,76,1014,85,845,87,1177,25,1163,27,1175,35,1079,D
12152711,15,348,432,1113,86,855,86,861,75,1027,101,1155,39,1038,43,1042,19,1186,D
12092632,9,347,434,1114,88,724,72,1063,85,845,102,1152,38,1050,28,1170,36,1061,D
12242622,24,347,419,1114,79,1100,82,935,70,1078,116,1110,39,1038,33,1140,44,856,D
12232621,23,345,439,1116,96,282,63,1122,80,950,106,1141,36,1087,38,1095,32,1119,D
12172915,17,345,425,1116,85,904,71,1070,76,1014,113,1120,46,941,30,1158,37,1040,D
12232142,23,342,422,1118,81,1061,86,861,71,1074,104,1146,40,1021,22,1186,42,911,D
12242701,24,342,428,1118,91,549,66,1104,58,1163,127,1039,37,1069,48,978,42,911,D
12202939,20,341,433,1120,84,942,84,899,86,822,87,1177,13,1196,33,1140,41,940,D
12042904,4,341,419,1120,83,983,71,1070,70,1078,117,1100,42,1002,46,1004,29,1150,D
12262624,26,340,422,1122,85,904,54,1159,74,1044,127,1039,39,1038,41,1066,47,739,D
12142613,14,339,424,1123,89,670,63,1122,60,1153,127,1039,17,1191,63,656,47,739,D
12142726,14,339,416,1123,83,983,58,1143,63,1136,135,994,30,1132,57,806,48,709,D
12032829,3,338,411,1125,79,1100,63,1122,62,1142,134,998,50,871,46,1004,38,1024,D
12252602,25,337,413,1126,79,1100,61,1134,73,1057,124,1061,29,1140,44,1034,51,592,D
12202930,20,337,427,1126,90,611,70,1076,64,1132,113,1120,32,1114,39,1090,42,911,D
12142013,14,335,429,1128,88,724,73,1050,80,950,94,1170,43,987,23,1183,28,1157,D
12202916,20,334,415,1129,77,1141,69,1080,84,869,104,1146,50,871,30,1158,24,1173,D
12232824,23,333,435,1130,90,611,33,1186,87,796,123,1067,38,1050,42,1053,43,889,D
12172713,17,333,417,1130,83,983,78,984,46,1189,126,1048,49,896,35,1127,42,911,D
12022305,2,332,414,1132,79,1100,53,1160,81,937,119,1089,36,1087,44,1034,39,998,D
12202940,20,332,428,1132,89,670,74,1038,74,1044,95,1166,28,1144,35,1127,32,1119,D
12192518,19,331,411,1134,75,1168,85,880,65,1124,106,1141,37,1069,43,1042,26,1163,D
12162922,16,331,417,1134,78,1129,73,1050,85,845,95,1166,28,1144,36,1115,31,1133,D
12142801,14,331,433,1134,92,481,39,1182,82,911,118,1094,34,1104,44,1034,40,969,D
12091732,9,328,467,1137,95,326,114,287,119,70,0,1207,0,1207,0,1206,0,1207,D
12252502,25,326,404,1138,68,1192,74,1038,55,1174,129,1027,23,1171,59,754,47,739,D
12242719,24,325,418,1139,87,793,69,1080,61,1148,108,1134,40,1021,43,1042,25,1169,D
12242810,24,324,405,1140,84,942,66,1104,0,1206,174,647,64,540,65,600,45,819,D
12222909,22,324,428,1140,93,433,73,1050,62,1142,96,1164,20,1182,42,1053,34,1095,D
12192715,19,323,411,1142,77,1141,47,1174,85,845,114,1116,21,1179,59,754,34,1095,D
12272304,27,323,417,1142,86,855,58,1143,70,1078,109,1131,25,1163,33,1140,51,592,D
12052508,5,323,421,1142,86,855,56,1151,82,911,99,1158,26,1160,35,1127,38,1024,D
12162436,16,321,401,1145,75,1168,49,1171,57,1170,140,971,43,987,36,1115,61,252,D
12192618,19,321,406,1145,78,1129,73,1050,62,1142,108,1134,56,735,33,1140,19,1186,D
12262910,26,319,414,1147,77,1141,53,1160,94,614,95,1166,42,1002,24,1182,29,1150,D
12142710,14,319,414,1147,86,855,69,1080,60,1153,104,1146,51,855,39,1090,14,1199,D
12052629,5,319,403,1147,74,1176,53,1160,71,1074,121,1077,32,1114,45,1016,44,856,D
12182730,18,316,408,1150,83,983,63,1122,62,1142,108,1134,23,1171,41,1066,44,856,D
12262812,26,316,413,1150,86,855,68,1088,54,1177,108,1134,41,1013,36,1115,31,1133,D
12162803,16,315,404,1152,77,1141,56,1151,74,1044,108,1134,32,1114,28,1170,48,709,D
12202941,20,314,407,1153,87,793,0,1207,82,911,145,932,56,735,50,945,39,998,D
12022605,2,313,406,1154,81,1061,67,1095,46,1189,119,1089,40,1021,36,1115,43,889,D
12272325,27,309,404,1155,0,1213,93,723,60,1153,156,836,27,1156,71,440,58,339,D
12242422,24,309,416,1155,83,983,50,1167,88,781,88,1175,22,1175,39,1090,27,1161,D
12162934,16,308,410,1157,80,1086,37,1184,82,911,109,1131,12,1197,42,1053,55,443,D
12032903,3,308,407,1157,84,942,48,1172,59,1160,117,1100,49,896,45,1016,23,1176,D
12032926,3,307,402,1159,72,1184,32,1188,73,1057,130,1019,54,778,46,1004,30,1140,D
12262936,26,307,405,1159,75,1168,74,1038,75,1027,83,1182,28,1144,32,1148,23,1176,D
12152818,15,306,408,1161,85,904,55,1155,47,1188,119,1089,38,1050,45,1016,36,1061,D
12152802,15,305,412,1162,86,855,47,1174,73,1057,99,1158,27,1156,28,1170,44,856,D
12201519,20,303,414,1163,90,611,48,1172,48,1186,117,1100,36,1087,37,1106,44,856,D
12262918,26,299,403,1164,63,1197,85,880,30,1202,121,1077,30,1132,36,1115,55,443,D
12242522,24,297,396,1165,78,1129,60,1138,58,1163,101,1155,33,1109,40,1081,28,1157,D
12222917,22,297,400,1165,79,1100,68,1088,36,1197,114,1116,65,521,12,1201,37,1040,D
12162928,16,297,404,1165,81,1061,43,1180,75,1027,98,1160,30,1132,33,1140,35,1079,D
12032723,3,294,416,1168,84,942,55,1155,86,822,69,1190,28,1144,29,1163,12,1200,D
12232734,23,292,404,1169,83,983,50,1167,68,1103,91,1171,37,1069,30,1158,24,1173,D
12202938,20,291,400,1170,82,1035,39,1182,53,1179,117,1100,37,1069,43,1042,37,1040,D
12172923,17,287,399,1171,77,1141,56,1151,75,1027,79,1183,37,1069,31,1152,11,1205,D
12172616,17,286,406,1172,79,1100,15,1200,83,893,109,1131,31,1130,29,1163,49,676,D
12262721,26,284,403,1173,85,904,50,1167,59,1160,90,1173,23,1171,38,1095,29,1150,D
12162914,16,282,400,1174,80,1086,41,1181,70,1078,91,1171,21,1179,41,1066,29,1150,D
12262827,26,279,401,1175,79,1100,57,1147,76,1014,67,1194,10,1201,33,1140,24,1173,D
12271925,27,278,439,1176,101,101,66,1104,83,893,28,1206,12,1197,0,1206,16,1196,D
12172929,17,272,391,1177,74,1176,28,1194,68,1103,102,1152,43,987,29,1163,30,1140,D
12052608,5,272,396,1177,38,1208,52,1164,76,1014,106,1141,32,1114,45,1016,29,1150,D
12022526,2,271,408,1179,63,1197,18,1198,103,370,87,1177,28,1144,19,1191,40,969,D
12022738,2,270,402,1180,83,983,47,1174,70,1078,70,1189,2,1206,26,1176,42,911,D
12162906,16,270,389,1180,70,1187,31,1191,64,1132,105,1144,26,1160,46,1004,33,1112,D
12271825,27,265,384,1182,0,1213,0,1207,98,502,167,715,54,778,53,894,60,280,D
12032932,3,261,403,1183,62,1201,33,1186,97,536,69,1190,30,1132,21,1188,18,1189,D
12152634,15,259,410,1184,84,942,89,812,86,822,0,1207,0,1207,0,1206,0,1207,D
12262925,26,257,383,1185,58,1203,55,1155,42,1193,102,1152,60,622,26,1176,16,1196,D
12252720,25,257,402,1185,88,724,29,1193,51,1182,89,1174,18,1188,36,1115,35,1079,D
12042933,4,256,396,1187,77,1141,32,1188,79,972,68,1193,18,1188,17,1194,33,1112,D
12022505,2,254,391,1188,80,1086,45,1177,56,1173,73,1187,32,1114,23,1183,18,1189,D
12022405,2,254,390,1188,78,1129,65,1112,26,1203,85,1181,14,1195,35,1127,36,1061,D
12272404,27,253,393,1190,83,983,53,1160,40,1196,77,1185,22,1175,21,1188,34,1095,D
12252736,25,249,399,1191,86,855,18,1198,32,1199,113,1120,24,1169,40,1081,49,676,D
12232641,23,246,388,1192,60,1202,32,1188,75,1027,79,1183,19,1187,30,1158,30,1140,D
12252841,25,231,388,1193,76,1157,10,1203,73,1057,72,1188,32,1114,20,1190,20,1184,D
12022902,2,220,378,1194,68,1192,37,1184,55,1174,60,1196,23,1171,19,1191,18,1189,D
12062831,6,211,392,1195,84,942,25,1196,58,1163,44,1201,8,1202,19,1191,17,1194,D
12022704,2,210,396,1196,88,724,26,1195,33,1198,63,1195,24,1169,16,1197,23,1176,D
12262901,26,209,378,1197,83,983,65,1112,61,1148,0,1207,0,1207,0,1206,0,1207,D
12032912,3,204,368,1198,13,1212,0,1207,74,1044,117,1100,36,1087,36,1115,45,819,D
12022813,2,198,368,1199,84,942,0,1207,45,1191,69,1190,21,1179,12,1201,36,1061,D
12032920,3,191,376,1200,19,1211,25,1196,42,1193,105,1144,40,1021,25,1180,40,969,D
12262931,26,177,359,1201,74,1176,45,1177,58,1163,0,1207,0,1207,0,1206,0,1207,D
12232718,23,174,355,1202,49,1205,0,1207,65,1124,60,1196,16,1192,16,1197,28,1157,D
12272504,27,172,366,1203,0,1213,55,1155,72,1067,45,1200,20,1182,13,1199,12,1200,D
12022626,2,167,372,1204,73,1182,15,1200,42,1193,37,1202,5,1204,13,1199,19,1186,D
12240437,24,154,350,1205,67,1195,87,845,0,1206,0,1207,0,1207,0,1206,0,1207,D
12022911,2,146,372,1206,89,670,10,1203,0,1206,47,1199,20,1182,17,1194,10,1206,D
12252702,25,145,330,1207,70,1187,0,1207,0,1206,75,1186,32,1114,25,1180,18,1189,D
12240239,24,142,346,1208,81,1061,61,1134,0,1206,0,1207,0,1207,0,1206,0,1207,D
12022919,2,125,347,1209,63,1197,10,1203,0,1206,52,1198,12,1197,28,1170,12,1200,D
12272425,27,108,366,1210,29,1209,10,1203,32,1199,37,1202,12,1197,7,1205,18,1189,D
12272525,27,107,347,1211,42,1207,31,1191,0,1206,34,1205,8,1202,9,1203,17,1194,D
12022828,2,103,366,1212,25,1210,15,1200,26,1203,37,1202,16,1192,9,1203,12,1200,D
12242735,24,82,316,1213,82,1035,0,1207,0,1206,0,1207,0,1207,0,1206,0,1207,D
12052707,5,81,315,1214,81,1061,0,1207,0,1206,0,1207,0,1207,0,1206,0,1207,D
12241901,24,47,302,1215,47,1206,0,1207,0,1206,0,1207,0,1207,0,1206,0,1207,D
12222640,22,0,282,1216,0,1213,0,1207,0,1206,0,1207,0,1207,0,1206,0,1207,D
12242840,24,0,282,1216,0,1213,0,1207,0,1206,0,1207,0,1207,0,1206,0,1207,D
12252811,25,0,282,1216,0,1213,0,1207,0,1206,0,1207,0,1207,0,1206,0,1207,D
12272604,27,0,282,1216,0,1213,0,1207,0,1206,0,1207,0,1207,0,1206,0,1207,D
12272625,27,0,282,1216,0,1213,0,1207,0,1206,0,1207,0,1207,0,1206,0,1207,D
12022722,2,0,282,1216,0,1213,0,1207,0,1206,0,1207,0,1207,0,1206,0,1207,D
12021926,2,0,282,1216,0,1213,0,1207,0,1206,0,1207,0,1207,0,1206,0,1207,D
12032937,3,0,282,1216,0,1213,0,1207,0,1206,0,1207,0,1207,0,1206,0,1207,D
12032006,3,0,282,1216,0,1213,0,1207,0,1206,0,1207,0,1207,0,1206,0,1207,D
12090723,9,0,282,1216,0,1213,0,1207,0,1206,0,1207,0,1207,0,1206,0,1207,D
12142817,14,0,282,1216,0,1213,0,1207,0,1206,0,1207,0,1207,0,1206,0,1207,D
12142832,14,0,282,1216,0,1213,0,1207,0,1206,0,1207,0,1207,0,1206,0,1207,D
12152833,15,0,282,1216,0,1213,0,1207,0,1206,0,1207,0,1207,0,1206,0,1207,D
12152905,15,0,282,1216,0,1213,0,1207,0,1206,0,1207,0,1207,0,1206,0,1207,D
12151914,15,0,282,1216,0,1213,0,1207,0,1206,0,1207,0,1207,0,1206,0,1207,D
12161236,16,0,282,1216,0,1213,0,1207,0,1206,0,1207,0,1207,0,1206,0,1207,D
12182805,18,0,282,1216,0,1213,0,1207,0,1206,0,1207,0,1207,0,1206,0,1207,D